,alpha_gross_units,units,abs_pct_err,abs_err
22DS8Y7,0.0,0.0,0.0,0.0
23JMY6B,0.0,0.0,0.0,0.0
24GSHGG,0.0,0.0,0.0,0.0
24HBXNH,1.0,0.0,0.5,1.0
25BEK49,0.0,0.0,0.0,0.0
25JKP8Y,1.0,1.0,0.0,0.0
27C2VTH,0.0,0.0,0.0,0.0
27URAZH,3.0,4.0,0.25,1.0
2AMPNPD,0.0,0.0,0.0,0.0
2CUGAG7,0.0,0.0,0.0,0.0
2D7QFGF,0.0,0.0,0.0,0.0
2E47PQF,0.0,0.0,0.0,0.0
2EHS6EZ,3.0,2.0,0.25,1.0
2F8KGQD,0.0,0.0,0.0,0.0
2F9AAM8,0.0,0.0,0.0,0.0
2FGE6UW,0.0,0.0,0.0,0.0
2G5M35Q,6.0,2.0,0.5714285714285714,4.0
2GDDQAQ,1123.0,565.0,0.49644128113879005,558.0
2GDRFV6,0.0,0.0,0.0,0.0
2GGT5AE,0.0,0.0,0.0,0.0
2GUW4MH,2.0,0.0,0.6666666666666666,2.0
2H2UHFZ,3262.0,1539.0,0.5280416794361017,1723.0
2H4AAPM,132.0,86.0,0.3458646616541353,46.0
2H9CY7Y,3465.0,1174.0,0.6609924985574149,2291.0
2HGTSZN,0.0,0.0,0.0,0.0
2HGWZH3,0.0,0.0,0.0,0.0
2HRSQB8,0.0,0.0,0.0,0.0
2JQCTYV,0.0,0.0,0.0,0.0
2JZCTQ3,0.0,0.0,0.0,0.0
2KEPQK6,0.0,0.0,0.0,0.0
2NTWAGX,0.0,0.0,0.0,0.0
2QQXKWK,0.0,0.0,0.0,0.0
2TDA8KY,0.0,0.0,0.0,0.0
2VUZ2F8,1050.0,340.0,0.6755470980019029,710.0
2WUYXUJ,125.0,210.0,0.6746031746031746,85.0
2YGSART,0.0,0.0,0.0,0.0
2YNXH8J,0.0,0.0,0.0,0.0
2YQBCS3,0.0,0.0,0.0,0.0
2YQY9GY,0.0,0.0,0.0,0.0
2YWBZMW,0.0,0.0,0.0,0.0
2Z9FSQG,4.0,1.0,0.6,3.0
2ZD6GY6,51.0,53.0,0.038461538461538464,2.0
32YBPYH,0.0,0.0,0.0,0.0
33KFUFY,0.0,0.0,0.0,0.0
33SE3BA,0.0,0.0,0.0,0.0
34YGMDR,3140.0,1800.0,0.42661572747532633,1340.0
35TZQQH,2351.0,1135.0,0.5170068027210885,1216.0
36DQWTT,55.0,11.0,0.7857142857142857,44.0
37QFQGK,5.0,3.0,0.3333333333333333,2.0
389GDMP,9357.0,7099.0,0.24129087411840136,2258.0
38GKKHJ,0.0,0.0,0.0,0.0
38NGPNM,0.0,0.0,0.0,0.0
3A7CF6R,0.0,0.0,0.0,0.0
3BBYAKQ,0.0,0.0,0.0,0.0
3BZZNEW,0.0,0.0,0.0,0.0
3DSAYEE,3.0,1.0,0.5,2.0
3FZHRPX,3244.0,1835.0,0.43420647149460706,1409.0
3GAGANG,0.0,0.0,0.0,0.0
3GYDFD2,1.0,1.0,0.0,0.0
3GZQQYT,0.0,0.0,0.0,0.0
3HACR72,5.0,17.0,2.0,12.0
3HEVRZW,0.0,0.0,0.0,0.0
3HGB2CZ,15.0,2.0,0.8125,13.0
3JRWBBB,0.0,0.0,0.0,0.0
3JZJHTB,1533.0,837.0,0.45371577574967403,696.0
3KHZPH3,25.0,15.0,0.38461538461538464,10.0
3KZ8FNE,0.0,0.0,0.0,0.0
3KZKETA,0.0,0.0,0.0,0.0
3KZXNWF,456.0,580.0,0.2713347921225383,124.0
3MK7AUG,0.0,0.0,0.0,0.0
3ND5HVR,0.0,0.0,0.0,0.0
3NJDHJ2,0.0,0.0,0.0,0.0
3PHHNDH,58.0,67.0,0.15254237288135594,9.0
3PWSVWG,0.0,0.0,0.0,0.0
3PYCBZF,0.0,0.0,0.0,0.0
3RQHPXJ,0.0,0.0,0.0,0.0
3RR9KCJ,0.0,0.0,0.0,0.0
3SAHJPS,0.0,0.0,0.0,0.0
3SQEVZE,0.0,0.0,0.0,0.0
3STRKZS,152.0,99.0,0.3464052287581699,53.0
3SYNHQ6,2.0,1.0,0.3333333333333333,1.0
3T6YGMR,125.0,191.0,0.5238095238095238,66.0
3TFMPAH,0.0,0.0,0.0,0.0
3TG3RFJ,0.0,0.0,0.0,0.0
3UGCJUZ,0.0,0.0,0.0,0.0
3UYTKYB,0.0,0.0,0.0,0.0
3UZHMEQ,1409.0,628.0,0.5539007092198581,781.0
3V8UHAS,1.0,0.0,0.5,1.0
3VPFFUZ,0.0,0.0,0.0,0.0
3WF3PKC,0.0,0.0,0.0,0.0
3WG6Z8F,0.0,0.0,0.0,0.0
3XA4WZV,379.0,57.0,0.8473684210526315,322.0
3XAHTZH,0.0,0.0,0.0,0.0
3XPKDPN,865.0,240.0,0.7217090069284064,625.0
3YC3GNC,0.0,0.0,0.0,0.0
3YW92NY,0.0,0.0,0.0,0.0
3YXBNGG,0.0,0.0,0.0,0.0
3YYRXHD,0.0,0.0,0.0,0.0
3ZCDZZ7,5888.0,3825.0,0.3503141450161318,2063.0
3ZFZMRF,0.0,0.0,0.0,0.0
3ZM4UET,0.0,0.0,0.0,0.0
3ZPYHXT,0.0,0.0,0.0,0.0
427C8DZ,0.0,0.0,0.0,0.0
44HUDGY,0.0,0.0,0.0,0.0
45TEDSJ,0.0,0.0,0.0,0.0
47JDXW2,0.0,0.0,0.0,0.0
47WHAZJ,0.0,0.0,0.0,0.0
49WM2TC,0.0,2.0,2.0,2.0
49YV62E,0.0,0.0,0.0,0.0
4AEQGFH,3.0,1.0,0.5,2.0
4BZ6PD6,0.0,0.0,0.0,0.0
4BZRXFD,0.0,0.0,0.0,0.0
4CAF5ZQ,0.0,0.0,0.0,0.0
4CHK2YS,271.0,271.0,0.0,0.0
4DA7ZPF,0.0,0.0,0.0,0.0
4DX89AQ,0.0,0.0,0.0,0.0
4ETJ2YY,0.0,0.0,0.0,0.0
4EWFEKT,0.0,0.0,0.0,0.0
4EZTNRS,0.0,0.0,0.0,0.0
4F2HAW7,3245.0,552.0,0.8296364756623537,2693.0
4FGHNHV,47.0,234.0,3.8958333333333335,187.0
4FUDTHY,0.0,0.0,0.0,0.0
4FWSZ2K,0.0,0.0,0.0,0.0
4GSQHJ7,0.0,0.0,0.0,0.0
4GTPZHZ,143.0,110.0,0.22916666666666666,33.0
4HAF3FX,0.0,0.0,0.0,0.0
4HDAZYH,0.0,0.0,0.0,0.0
4HFEUCD,8677.0,4959.0,0.4284397326572943,3718.0
4HQZBGC,0.0,0.0,0.0,0.0
4HYB25W,0.0,0.0,0.0,0.0
4HZ3UZ9,0.0,0.0,0.0,0.0
4J88MGP,0.0,0.0,0.0,0.0
4JHBBUA,0.0,0.0,0.0,0.0
4K9YB89,0.0,0.0,0.0,0.0
4KJTPEN,52166.0,2285.0,0.956179193743171,49881.0
4KVY6FU,0.0,0.0,0.0,0.0
4MHBBZZ,0.0,0.0,0.0,0.0
4MWKNB2,0.0,0.0,0.0,0.0
4NDDYQN,0.0,0.0,0.0,0.0
4NZUWZ3,0.0,0.0,0.0,0.0
4PA7H5Z,4472.0,1459.0,0.6735971383858708,3013.0
4QJNZFQ,0.0,0.0,0.0,0.0
4QVDZMK,0.0,0.0,0.0,0.0
4RNB3HH,0.0,0.0,0.0,0.0
4RTJAP6,0.0,0.0,0.0,0.0
4SYFYED,0.0,0.0,0.0,0.0
4SYWPWM,1.0,0.0,0.5,1.0
4T25NGB,180.0,147.0,0.18232044198895028,33.0
4TCC7V4,72.0,42.0,0.410958904109589,30.0
4TJHXW2,1588.0,642.0,0.5953429830081812,946.0
4UJVCBY,0.0,0.0,0.0,0.0
4WHFR9M,4705.0,3051.0,0.3514662133446664,1654.0
4WHKZCW,0.0,0.0,0.0,0.0
4XGEEAA,257.0,17.0,0.9302325581395349,240.0
4XRKZ2Z,0.0,0.0,0.0,0.0
4YKWXMB,90.0,56.0,0.37362637362637363,34.0
4ZYUPH5,0.0,0.0,0.0,0.0
52SBYMZ,3.0,0.0,0.75,3.0
538QGMH,0.0,0.0,0.0,0.0
55HDSZR,3437.0,3203.0,0.06806282722513089,234.0
567AXNY,0.0,0.0,0.0,0.0
56KWXBC,0.0,0.0,0.0,0.0
576JV3B,0.0,0.0,0.0,0.0
59VG4HZ,0.0,0.0,0.0,0.0
5BBUGP9,0.0,0.0,0.0,0.0
5BWZXFU,0.0,0.0,0.0,0.0
5C7ZJE7,3915.0,2258.0,0.4231358529111338,1657.0
5CGE8FX,1007.0,376.0,0.6259920634920635,631.0
5CYZHTV,0.0,0.0,0.0,0.0
5EMEHW7,0.0,1.0,1.0,1.0
5FENHTT,156.0,152.0,0.025477707006369428,4.0
5FF7UYH,0.0,0.0,0.0,0.0
5FWK2VP,194.0,119.0,0.38461538461538464,75.0
5GCFAH4,4.0,1.0,0.6,3.0
5GZRHS3,0.0,0.0,0.0,0.0
5HBJFP2,0.0,0.0,0.0,0.0
5HFHANT,0.0,0.0,0.0,0.0
5JHXN5G,0.0,0.0,0.0,0.0
5JYCQHT,0.0,0.0,0.0,0.0
5K98WPH,0.0,0.0,0.0,0.0
5MGD4CF,0.0,0.0,0.0,0.0
5PXSFBX,25.0,31.0,0.23076923076923078,6.0
5PYAGPV,0.0,0.0,0.0,0.0
5Q6FXXV,0.0,0.0,0.0,0.0
5QPNDMP,0.0,0.0,0.0,0.0
5QRZZ3P,2.0,0.0,0.6666666666666666,2.0
5QXAZ3K,2.0,1.0,0.3333333333333333,1.0
5RCQ9QG,0.0,0.0,0.0,0.0
5RHTV6A,46.0,32.0,0.2978723404255319,14.0
5SJKJ4F,0.0,0.0,0.0,0.0
5TK6YZG,0.0,0.0,0.0,0.0
5TVGTQR,3.0,0.0,0.75,3.0
5TVQDP6,0.0,0.0,0.0,0.0
5VTU6RR,0.0,0.0,0.0,0.0
5XPEUHA,22.0,14.0,0.34782608695652173,8.0
5YD3JNE,0.0,0.0,0.0,0.0
5YG7AKC,0.0,0.0,0.0,0.0
5Z3MWGZ,32.0,3.0,0.8787878787878788,29.0
5Z8NHTZ,0.0,0.0,0.0,0.0
5ZANUUF,509.0,348.0,0.3156862745098039,161.0
5ZD9KYS,2.0,1.0,0.3333333333333333,1.0
5ZNZYQZ,0.0,0.0,0.0,0.0
5ZVPACF,0.0,0.0,0.0,0.0
5ZZGEBF,853.0,434.0,0.49063231850117095,419.0
6764NNY,0.0,0.0,0.0,0.0
67FDQGU,0.0,0.0,0.0,0.0
68E5ZF3,0.0,0.0,0.0,0.0
68N57TH,0.0,2.0,2.0,2.0
69TGSXQ,0.0,0.0,0.0,0.0
6AMGXWD,0.0,0.0,0.0,0.0
6ARMYGS,0.0,0.0,0.0,0.0
6B7ASVC,0.0,0.0,0.0,0.0
6CBJPZP,0.0,0.0,0.0,0.0
6CDM9DW,0.0,0.0,0.0,0.0
6DGJMZD,0.0,0.0,0.0,0.0
6EFZYYX,0.0,0.0,0.0,0.0
6EZQRHH,0.0,0.0,0.0,0.0
6FDHUFZ,0.0,0.0,0.0,0.0
6FDJPCE,0.0,0.0,0.0,0.0
6FR2WUZ,0.0,0.0,0.0,0.0
6GBG69J,0.0,0.0,0.0,0.0
6GNPQFY,0.0,0.0,0.0,0.0
6GYGNSZ,0.0,0.0,0.0,0.0
6HFCMRZ,3.0,1.0,0.5,2.0
6JDZMGG,0.0,0.0,0.0,0.0
6JF62MW,0.0,0.0,0.0,0.0
6K7YMJU,15.0,16.0,0.0625,1.0
6KGXCCR,5563.0,5941.0,0.06793673616103522,378.0
6NZHMDM,0.0,0.0,0.0,0.0
6PNTVGA,0.0,1.0,1.0,1.0
6QXTVKD,0.0,0.0,0.0,0.0
6QYNE3P,0.0,0.0,0.0,0.0
6RYZRZH,0.0,0.0,0.0,0.0
6SASD2A,0.0,0.0,0.0,0.0
6TPMQKZ,0.0,0.0,0.0,0.0
6UFVZGR,0.0,0.0,0.0,0.0
6UPBQ9K,104.0,35.0,0.6571428571428571,69.0
6UYGR2R,1.0,0.0,0.5,1.0
6VCVQNU,1.0,2.0,0.5,1.0
6XRTYRF,0.0,0.0,0.0,0.0
6YDNTCE,0.0,0.0,0.0,0.0
6YGVHXZ,1.0,1.0,0.0,0.0
6YSQPPS,0.0,0.0,0.0,0.0
6YTRV4D,1.0,0.0,0.5,1.0
6YUQCPN,0.0,0.0,0.0,0.0
6ZTUVFR,1.0,0.0,0.5,1.0
72AW7HA,0.0,0.0,0.0,0.0
74HAZM5,0.0,0.0,0.0,0.0
7736ZH5,3.0,1.0,0.5,2.0
77MVYBG,1.0,1.0,0.0,0.0
7A2X4ZY,0.0,1.0,1.0,1.0
7CAEUHG,0.0,0.0,0.0,0.0
7DCKWSR,0.0,0.0,0.0,0.0
7DCWWUH,0.0,0.0,0.0,0.0
7DNW9Q8,0.0,0.0,0.0,0.0
7DSFHPJ,31.0,34.0,0.09375,3.0
7DW89ZB,3.0,2.0,0.25,1.0
7ECVW2Z,0.0,0.0,0.0,0.0
7F5KBV2,1916.0,935.0,0.5117370892018779,981.0
7HCZGKG,0.0,0.0,0.0,0.0
7HQMEZD,7190.0,998.0,0.8610763454317898,6192.0
7HV4MAH,43.0,77.0,0.7727272727272727,34.0
7MCUSWG,181.0,95.0,0.4725274725274725,86.0
7NUS5QW,0.0,0.0,0.0,0.0
7NY4PXC,22104.0,4346.0,0.8033476589007011,17758.0
7P7RNYX,0.0,1.0,1.0,1.0
7PU7BWR,0.0,0.0,0.0,0.0
7QKQAZG,0.0,0.0,0.0,0.0
7RGPNET,133.0,192.0,0.44029850746268656,59.0
7SUGZG5,0.0,0.0,0.0,0.0
7TJHRCW,0.0,0.0,0.0,0.0
7USNBZV,0.0,0.0,0.0,0.0
7VDVZVP,0.0,0.0,0.0,0.0
7W2UPB9,98.0,139.0,0.41414141414141414,41.0
7WAJBXB,0.0,0.0,0.0,0.0
7X8263G,14530.0,3898.0,0.7316771041222214,10632.0
7YQJRSY,3283.0,1425.0,0.5657734470158343,1858.0
7ZEZEWQ,0.0,0.0,0.0,0.0
7ZJ6ZBY,0.0,0.0,0.0,0.0
82T3XRS,773.0,57.0,0.9250645994832042,716.0
86CENMX,810.0,774.0,0.04438964241676942,36.0
86PEDVG,139.0,116.0,0.16428571428571428,23.0
86XFKZH,0.0,0.0,0.0,0.0
86ZHRKT,0.0,0.0,0.0,0.0
87QNJ32,1.0,0.0,0.5,1.0
89NXPZQ,0.0,0.0,0.0,0.0
89TYFXR,0.0,0.0,0.0,0.0
8DCRM8H,0.0,0.0,0.0,0.0
8DFTDHZ,0.0,0.0,0.0,0.0
8FHSKGP,1.0,0.0,0.5,1.0
8FYFJAZ,1.0,2.0,0.5,1.0
8GUHTH3,0.0,0.0,0.0,0.0
8GXBHRB,0.0,0.0,0.0,0.0
8HKECXJ,1.0,1.0,0.0,0.0
8HMVT5P,0.0,0.0,0.0,0.0
8HZHAAN,410.0,281.0,0.31386861313868614,129.0
8JS7BUA,159.0,179.0,0.125,20.0
8M9N6HT,0.0,0.0,0.0,0.0
8MFPN6Q,27.0,14.0,0.4642857142857143,13.0
8MKUYHU,0.0,0.0,0.0,0.0
8NXZ5UX,11.0,10.0,0.08333333333333333,1.0
8PDVDDC,36.0,69.0,0.8918918918918919,33.0
8PNVGGF,25.0,26.0,0.038461538461538464,1.0
8QBVZVC,0.0,0.0,0.0,0.0
8QYNKGZ,0.0,0.0,0.0,0.0
8RAZDYR,3.0,5.0,0.5,2.0
8SRYEYT,0.0,0.0,0.0,0.0
8TWTXJA,0.0,0.0,0.0,0.0
8TYVZBG,0.0,0.0,0.0,0.0
8UZPHQG,0.0,0.0,0.0,0.0
8VZEXK3,0.0,0.0,0.0,0.0
8XRYGB9,0.0,0.0,0.0,0.0
8XYNVM9,0.0,0.0,0.0,0.0
8YWJSD4,0.0,0.0,0.0,0.0
8Z7HWCY,20.0,10.0,0.47619047619047616,10.0
8ZFKPMK,1.0,0.0,0.5,1.0
8ZGWZGV,0.0,0.0,0.0,0.0
8ZH4G3C,67.0,21.0,0.6764705882352942,46.0
8ZHKNDY,1176.0,744.0,0.36703483432455397,432.0
8ZWYGUF,0.0,0.0,0.0,0.0
95WRGT4,0.0,0.0,0.0,0.0
96CD3HR,0.0,0.0,0.0,0.0
96YFDSH,13.0,9.0,0.2857142857142857,4.0
98U2V57,29.0,26.0,0.1,3.0
992RUGC,0.0,0.0,0.0,0.0
99G345E,443.0,273.0,0.38288288288288286,170.0
9A2FNZP,0.0,0.0,0.0,0.0
9A5FHRC,0.0,0.0,0.0,0.0
9DMG2PU,0.0,0.0,0.0,0.0
9EAHMFF,0.0,0.0,0.0,0.0
9EFTVA4,2195.0,1791.0,0.18397085610200364,404.0
9EHZARM,0.0,0.0,0.0,0.0
9F2TTZW,0.0,0.0,0.0,0.0
9G2EDSH,0.0,0.0,0.0,0.0
9GGXGHF,0.0,0.0,0.0,0.0
9GH23W9,2.0,0.0,0.6666666666666666,2.0
9GJFV3P,50.0,59.0,0.17647058823529413,9.0
9GUTVDT,2473.0,795.0,0.6782538399353274,1678.0
9HQHTU7,2.0,0.0,0.6666666666666666,2.0
9HRWFZ9,0.0,0.0,0.0,0.0
9JVZK6Z,0.0,0.0,0.0,0.0
9KQHT8Z,0.0,0.0,0.0,0.0
9KS2XGR,0.0,0.0,0.0,0.0
9MSXBVF,0.0,0.0,0.0,0.0
9N4JZ43,0.0,0.0,0.0,0.0
9PRH9KD,0.0,0.0,0.0,0.0
9QZYSZX,2.0,1.0,0.3333333333333333,1.0
9R3Z7YK,0.0,0.0,0.0,0.0
9RWX6XY,0.0,0.0,0.0,0.0
9SAWYM6,0.0,0.0,0.0,0.0
9TYN6SG,18.0,17.0,0.05263157894736842,1.0
9VBXWA2,0.0,0.0,0.0,0.0
9WQFJZX,1015.0,512.0,0.4950787401574803,503.0
9WVEFYK,6.0,7.0,0.14285714285714285,1.0
9XKW9GD,196.0,26.0,0.8629441624365483,170.0
9XNUTAB,0.0,0.0,0.0,0.0
9Y4CNU2,0.0,0.0,0.0,0.0
9Y5HW9J,0.0,0.0,0.0,0.0
9Z3YUUJ,0.0,0.0,0.0,0.0
9ZHMXAF,398.0,72.0,0.8170426065162907,326.0
A2CZWF2,0.0,0.0,0.0,0.0
A2G5HK4,49.0,54.0,0.1,5.0
A36UB7G,0.0,0.0,0.0,0.0
A3EAPZQ,0.0,0.0,0.0,0.0
A4FVEH7,0.0,0.0,0.0,0.0
A4FWDRE,0.0,0.0,0.0,0.0
A4GMX9E,0.0,0.0,0.0,0.0
A4W3E9S,0.0,0.0,0.0,0.0
A5QKBUW,0.0,0.0,0.0,0.0
A64JFSD,0.0,0.0,0.0,0.0
AAJZZHY,0.0,0.0,0.0,0.0
ABKHZQA,0.0,0.0,0.0,0.0
ABKVFGY,0.0,0.0,0.0,0.0
ACGUGGZ,1.0,0.0,0.5,1.0
ACP42QV,0.0,0.0,0.0,0.0
ACSNZS6,0.0,0.0,0.0,0.0
AEUADQB,2799.0,1179.0,0.5785714285714286,1620.0
AFJN8YA,0.0,0.0,0.0,0.0
AFMAGWR,0.0,1.0,1.0,1.0
AFRFAVC,0.0,0.0,0.0,0.0
AFXSZUX,0.0,0.0,0.0,0.0
AFYBVPC,3.0,2.0,0.25,1.0
AG3FGNW,0.0,0.0,0.0,0.0
AG5GDQS,1.0,0.0,0.5,1.0
AG5XXD4,0.0,0.0,0.0,0.0
AGCXGP8,0.0,0.0,0.0,0.0
AGGPZJY,0.0,0.0,0.0,0.0
AGKGBBW,0.0,0.0,0.0,0.0
AGWBMK7,0.0,0.0,0.0,0.0
AHJVA94,0.0,0.0,0.0,0.0
AHMBASY,3.0,0.0,0.75,3.0
AHRZE9V,0.0,0.0,0.0,0.0
AHXBGYM,0.0,1.0,1.0,1.0
AHZC5DH,0.0,0.0,0.0,0.0
AJ3KHZ2,626.0,607.0,0.030303030303030304,19.0
AKBFZJB,1.0,0.0,0.5,1.0
AKBWGFV,0.0,0.0,0.0,0.0
AKFGHAE,0.0,0.0,0.0,0.0
AKFTYYZ,0.0,0.0,0.0,0.0
AMB6X4F,0.0,0.0,0.0,0.0
AMJVF5U,0.0,0.0,0.0,0.0
AMSCEA4,0.0,0.0,0.0,0.0
AMZ2FKX,0.0,0.0,0.0,0.0
ANGNFTP,0.0,0.0,0.0,0.0
ANGQSKB,0.0,0.0,0.0,0.0
APQTNV5,0.0,0.0,0.0,0.0
AQ4AHWC,0.0,0.0,0.0,0.0
ARDZZJD,7.0,11.0,0.5,4.0
AREFZJG,0.0,0.0,0.0,0.0
ARU2GHY,0.0,0.0,0.0,0.0
ASD9EMY,0.0,0.0,0.0,0.0
ASEDZT7,0.0,0.0,0.0,0.0
ASHH2ZH,0.0,0.0,0.0,0.0
ASPZQHG,0.0,0.0,0.0,0.0
ASXB3BS,1.0,0.0,0.5,1.0
AT4RCE8,0.0,0.0,0.0,0.0
ATJFTGE,0.0,0.0,0.0,0.0
ATKV2TV,0.0,0.0,0.0,0.0
ATPNGVF,0.0,0.0,0.0,0.0
ATQXMWV,0.0,0.0,0.0,0.0
AUEZX6G,1.0,0.0,0.5,1.0
AUMSGZ6,0.0,0.0,0.0,0.0
AVHJYYF,0.0,0.0,0.0,0.0
AVQFBCP,0.0,0.0,0.0,0.0
AVVTUZZ,0.0,0.0,0.0,0.0
AWBRGNH,4.0,6.0,0.4,2.0
AWCVVGZ,0.0,0.0,0.0,0.0
AWGYV9A,0.0,0.0,0.0,0.0
AWQAJDP,0.0,0.0,0.0,0.0
AWUVUDQ,45.0,3.0,0.9130434782608695,42.0
AXBEPXV,0.0,0.0,0.0,0.0
AXUY8NH,830.0,205.0,0.7521058965102286,625.0
AXXB2TH,0.0,0.0,0.0,0.0
AY9A5Z3,6.0,7.0,0.14285714285714285,1.0
AYAEN5R,605.0,707.0,0.16831683168316833,102.0
AYBFUVH,0.0,0.0,0.0,0.0
AYCKA3J,0.0,0.0,0.0,0.0
AYPJHHR,0.0,0.0,0.0,0.0
AYRAGFA,407.0,313.0,0.23039215686274508,94.0
AZ4JBTS,0.0,0.0,0.0,0.0
AZ6MRCQ,27.0,0.0,0.9642857142857143,27.0
AZEZTN7,1.0,0.0,0.5,1.0
AZGZUAZ,0.0,0.0,0.0,0.0
AZUPTTZ,0.0,0.0,0.0,0.0
AZVCJHZ,0.0,0.0,0.0,0.0
AZWKQGX,0.0,0.0,0.0,0.0
B3SBGAG,0.0,0.0,0.0,0.0
B3VS24W,33394.0,4010.0,0.8798921994310526,29384.0
B5ED82D,0.0,0.0,0.0,0.0
B5Q2UFU,0.0,0.0,0.0,0.0
B6ZVSZ9,0.0,0.0,0.0,0.0
B79HS7M,2806.0,2139.0,0.23762023512646954,667.0
B7CUZH3,0.0,0.0,0.0,0.0
B7DHBZF,0.0,0.0,0.0,0.0
B7RSNMF,0.0,0.0,0.0,0.0
B7VQJHY,0.0,0.0,0.0,0.0
B83S7H6,0.0,0.0,0.0,0.0
B84XVGN,152.0,137.0,0.09803921568627451,15.0
B9ADCJN,21.0,16.0,0.22727272727272727,5.0
B9HPZST,16.0,17.0,0.058823529411764705,1.0
BA6ZBT9,10.0,8.0,0.18181818181818182,2.0
BAEAUHC,0.0,0.0,0.0,0.0
BAHH4Y8,0.0,0.0,0.0,0.0
BAKMGGS,1736.0,174.0,0.899251583189407,1562.0
BAQMGBX,0.0,0.0,0.0,0.0
BAU8ACF,0.0,0.0,0.0,0.0
BBGGFZY,0.0,0.0,0.0,0.0
BBQZYMA,0.0,0.0,0.0,0.0
BBS2BBF,0.0,0.0,0.0,0.0
BCAQYPR,0.0,0.0,0.0,0.0
BCGNZQG,0.0,0.0,0.0,0.0
BD3ARH2,0.0,0.0,0.0,0.0
BDFVWDH,78.0,64.0,0.17721518987341772,14.0
BDHQ9TC,8.0,8.0,0.0,0.0
BE6DJG6,15.0,11.0,0.25,4.0
BEMEBHK,1.0,0.0,0.5,1.0
BFMRG2Y,0.0,0.0,0.0,0.0
BFXXMCH,5.0,2.0,0.5,3.0
BFZR3UR,4107.0,1092.0,0.7339337877312561,3015.0
BGHNMVB,0.0,0.0,0.0,0.0
BGMBW25,0.0,45.0,45.0,45.0
BGTXSGU,2.0,4.0,0.6666666666666666,2.0
BGZGG58,0.0,0.0,0.0,0.0
BH3G73H,7945.0,2912.0,0.6334004530581424,5033.0
BH3GZ4E,0.0,0.0,0.0,0.0
BH6SAFP,0.0,0.0,0.0,0.0
BH9YKVE,0.0,0.0,0.0,0.0
BHHQ3RB,2.0,1.0,0.3333333333333333,1.0
BHMFUX9,8.0,5.0,0.3333333333333333,3.0
BHNYPSH,1116.0,230.0,0.7931960608773501,886.0
BHPRDDN,28.0,20.0,0.27586206896551724,8.0
BHQZMC9,0.0,0.0,0.0,0.0
BHSYBBW,0.0,0.0,0.0,0.0
BHUA4QH,0.0,0.0,0.0,0.0
BJVSW22,243.0,85.0,0.6475409836065574,158.0
BKEZWRN,22.0,23.0,0.043478260869565216,1.0
BKHW3JH,0.0,0.0,0.0,0.0
BKMH4BF,0.0,0.0,0.0,0.0
BKQJBNG,41.0,17.0,0.5714285714285714,24.0
BKSNUUR,0.0,0.0,0.0,0.0
BKUEVM6,127.0,87.0,0.3125,40.0
BMMHEPC,0.0,0.0,0.0,0.0
BMYRFBK,5.0,0.0,0.8333333333333334,5.0
BNPWJYR,187.0,75.0,0.5957446808510638,112.0
BNWPZJR,0.0,0.0,0.0,0.0
BNXD9SJ,0.0,0.0,0.0,0.0
BPGQX3C,0.0,0.0,0.0,0.0
BPVCDW6,256.0,280.0,0.0933852140077821,24.0
BQ9YW4T,4.0,2.0,0.4,2.0
BQH39E7,0.0,0.0,0.0,0.0
BQN5F9J,0.0,0.0,0.0,0.0
BRGJBKH,0.0,0.0,0.0,0.0
BRKYFJD,0.0,0.0,0.0,0.0
BRWUHBF,0.0,0.0,0.0,0.0
BSH9NJG,0.0,0.0,0.0,0.0
BSKHQN4,0.0,0.0,0.0,0.0
BSRG2X8,0.0,0.0,0.0,0.0
BSV9FG6,2.0,4.0,0.6666666666666666,2.0
BT7R94Y,0.0,0.0,0.0,0.0
BTFGN7F,1.0,0.0,0.5,1.0
BTJYC5J,0.0,0.0,0.0,0.0
BTJYGZG,0.0,0.0,0.0,0.0
BTXPTRR,0.0,0.0,0.0,0.0
BUUHFNF,0.0,0.0,0.0,0.0
BUYWPT4,0.0,0.0,0.0,0.0
BVDJ8VV,0.0,11.0,11.0,11.0
BVHDHY8,0.0,0.0,0.0,0.0
BWTVPZS,0.0,0.0,0.0,0.0
BXJYQTU,0.0,0.0,0.0,0.0
BXJZZF9,0.0,0.0,0.0,0.0
BXSTBDU,310.0,127.0,0.5884244372990354,183.0
BYGHFHJ,0.0,0.0,0.0,0.0
BYHYY3D,45.0,27.0,0.391304347826087,18.0
BYTWTHE,0.0,0.0,0.0,0.0
BYYFCW4,0.0,0.0,0.0,0.0
BZ3VFHF,0.0,0.0,0.0,0.0
BZ6EPF2,1.0,0.0,0.5,1.0
BZ6ESFV,0.0,0.0,0.0,0.0
BZ9KZZ6,0.0,0.0,0.0,0.0
BZVTAGH,0.0,0.0,0.0,0.0
BZW6GGK,0.0,0.0,0.0,0.0
C23VGHM,0.0,0.0,0.0,0.0
C3WKZNU,0.0,0.0,0.0,0.0
C4PZP2X,0.0,0.0,0.0,0.0
C4VCJAY,0.0,0.0,0.0,0.0
C6DGJGH,0.0,0.0,0.0,0.0
C6NYQUR,4.0,6.0,0.4,2.0
C73QN7J,0.0,0.0,0.0,0.0
C8CUJZN,0.0,0.0,0.0,0.0
C9GYUJS,2.0,4.0,0.6666666666666666,2.0
CAAXUVV,0.0,0.0,0.0,0.0
CAB8FFU,0.0,0.0,0.0,0.0
CAVHGDN,0.0,0.0,0.0,0.0
CAVYQ7V,8.0,24.0,1.7777777777777777,16.0
CB2YZYR,319.0,127.0,0.6,192.0
CBRSQZ8,0.0,0.0,0.0,0.0
CCTB7BA,0.0,0.0,0.0,0.0
CD25ZU5,0.0,0.0,0.0,0.0
CDFNTN7,0.0,0.0,0.0,0.0
CFVFXGQ,0.0,0.0,0.0,0.0
CFVMDCX,19014.0,2577.0,0.8644228240862477,16437.0
CFZEGFN,4.0,3.0,0.2,1.0
CGBSJZV,0.0,0.0,0.0,0.0
CGFB9HP,0.0,0.0,0.0,0.0
CGJA6TG,2.0,4.0,0.6666666666666666,2.0
CGJH4NH,0.0,0.0,0.0,0.0
CGRAXZH,0.0,0.0,0.0,0.0
CGSCPYT,8.0,3.0,0.5555555555555556,5.0
CGVVYFQ,0.0,0.0,0.0,0.0
CGZZT2V,47.0,72.0,0.5208333333333334,25.0
CH77U28,364.0,218.0,0.4,146.0
CHBGUSG,0.0,0.0,0.0,0.0
CHBPGGH,1.0,0.0,0.5,1.0
CHFYFZW,0.0,0.0,0.0,0.0
CHHRJS5,0.0,0.0,0.0,0.0
CHMDPRJ,6.0,24.0,2.5714285714285716,18.0
CHRRHD6,0.0,0.0,0.0,0.0
CHUNEYW,7.0,23.0,2.0,16.0
CJBY5YN,0.0,0.0,0.0,0.0
CJMEHBH,0.0,1.0,1.0,1.0
CKTJHYH,35.0,74.0,1.0833333333333333,39.0
CKVMVDG,0.0,0.0,0.0,0.0
CMFKSHV,0.0,0.0,0.0,0.0
CMR8PVE,0.0,0.0,0.0,0.0
CMVJHVU,0.0,0.0,0.0,0.0
CMVPHMZ,0.0,0.0,0.0,0.0
CPHZTQX,0.0,0.0,0.0,0.0
CR8Y6RH,1.0,0.0,0.5,1.0
CR9FRHZ,1.0,0.0,0.5,1.0
CRFFXPB,0.0,0.0,0.0,0.0
CRFTMJS,0.0,0.0,0.0,0.0
CSJNSAY,0.0,0.0,0.0,0.0
CSR7GGH,3012.0,2678.0,0.11085297046133422,334.0
CSRJU2K,0.0,0.0,0.0,0.0
CSST23U,0.0,0.0,0.0,0.0
CTRYJ62,0.0,0.0,0.0,0.0
CTYZHHZ,0.0,0.0,0.0,0.0
CUBAZFA,0.0,0.0,0.0,0.0
CWHA3QF,0.0,0.0,0.0,0.0
CWTXACG,0.0,0.0,0.0,0.0
CWZ2JZB,0.0,0.0,0.0,0.0
CX4UQ3J,3.0,5.0,0.5,2.0
CXFUZZV,0.0,0.0,0.0,0.0
CXFYSBV,0.0,0.0,0.0,0.0
CXMTSGK,409.0,612.0,0.4951219512195122,203.0
CY5ENB6,0.0,0.0,0.0,0.0
CYHF2XH,0.0,1.0,1.0,1.0
CYNSVSE,0.0,0.0,0.0,0.0
CYSY3GW,0.0,0.0,0.0,0.0
CYXTYM9,0.0,0.0,0.0,0.0
CYYA5F5,0.0,0.0,0.0,0.0
CZJ8JVY,5.0,7.0,0.3333333333333333,2.0
CZPCHXG,3.0,1.0,0.5,2.0
CZTGZSH,56.0,1.0,0.9649122807017544,55.0
D2JWWKM,0.0,0.0,0.0,0.0
D3H4MJG,1.0,0.0,0.5,1.0
D3VMXTF,0.0,0.0,0.0,0.0
D4W7SYW,0.0,0.0,0.0,0.0
D5CGGHA,4.0,0.0,0.8,4.0
D7DB2R7,6.0,4.0,0.2857142857142857,2.0
D8HPTPZ,153.0,54.0,0.6428571428571429,99.0
D8HTPZ4,0.0,0.0,0.0,0.0
D8KPJ7K,0.0,0.0,0.0,0.0
D9A6FTC,171.0,55.0,0.6744186046511628,116.0
D9PTHZQ,0.0,0.0,0.0,0.0
DANQNQH,0.0,0.0,0.0,0.0
DAWZEUZ,0.0,0.0,0.0,0.0
DAXGRKN,0.0,0.0,0.0,0.0
DAYPFCM,0.0,0.0,0.0,0.0
DBCN8MK,0.0,0.0,0.0,0.0
DCTDN3G,0.0,0.0,0.0,0.0
DD3QW63,0.0,0.0,0.0,0.0
DDHVKZM,8.0,6.0,0.2222222222222222,2.0
DDUBEPU,0.0,0.0,0.0,0.0
DDWEH8F,0.0,0.0,0.0,0.0
DF3QGGF,0.0,0.0,0.0,0.0
DFBEASK,0.0,0.0,0.0,0.0
DFMEMSJ,0.0,0.0,0.0,0.0
DFSCM9W,0.0,1.0,1.0,1.0
DFVMWGG,0.0,0.0,0.0,0.0
DFYKNQ6,0.0,0.0,0.0,0.0
DG3PZGZ,0.0,0.0,0.0,0.0
DG9GBQ8,7799.0,1997.0,0.7438461538461538,5802.0
DGBHQH6,0.0,0.0,0.0,0.0
DGBZ5GH,102.0,77.0,0.24271844660194175,25.0
DGEXQRA,0.0,0.0,0.0,0.0
DGGZ8Q9,0.0,0.0,0.0,0.0
DGKHJ6M,0.0,0.0,0.0,0.0
DGMMMBD,0.0,0.0,0.0,0.0
DGQSDWS,1.0,0.0,0.5,1.0
DGSC4XF,0.0,0.0,0.0,0.0
DGSNS7Q,4285.0,3747.0,0.12552496500233318,538.0
DGXT2BT,197.0,127.0,0.35353535353535354,70.0
DH5AJYA,0.0,0.0,0.0,0.0
DH5NZGU,0.0,0.0,0.0,0.0
DHBAVV3,32.0,24.0,0.24242424242424243,8.0
DHBW64Z,0.0,0.0,0.0,0.0
DHDKN4X,1732.0,715.0,0.5868436237738026,1017.0
DHJHQGZ,0.0,0.0,0.0,0.0
DHSPSFH,0.0,0.0,0.0,0.0
DHYMUHJ,0.0,0.0,0.0,0.0
DHZQAJH,0.0,0.0,0.0,0.0
DJ5ZJHT,0.0,0.0,0.0,0.0
DJDTHYG,6526.0,1516.0,0.7675808181400338,5010.0
DJFYZZK,0.0,0.0,0.0,0.0
DJZMHA9,0.0,0.0,0.0,0.0
DKHKXFX,908.0,103.0,0.8855885588558856,805.0
DM5RYKJ,0.0,0.0,0.0,0.0
DMG5UYC,0.0,0.0,0.0,0.0
DMJSGFX,0.0,0.0,0.0,0.0
DMKCGQS,0.0,0.0,0.0,0.0
DNJNY7N,340.0,263.0,0.22580645161290322,77.0
DNWAZKZ,0.0,0.0,0.0,0.0
DPB2RP5,0.0,0.0,0.0,0.0
DPB99JY,0.0,0.0,0.0,0.0
DPFKKQT,0.0,0.0,0.0,0.0
DPHYSNX,0.0,0.0,0.0,0.0
DPSHEKZ,0.0,0.0,0.0,0.0
DQ2A3V4,1967.0,792.0,0.5970528455284553,1175.0
DQBD2B4,29026.0,7958.0,0.7258070072690943,21068.0
DR3Y9VY,0.0,0.0,0.0,0.0
DRXHJ8T,0.0,0.0,0.0,0.0
DS3H5S9,0.0,0.0,0.0,0.0
DS8SBXZ,1360.0,479.0,0.6473181484202792,881.0
DSNZGR8,15.0,17.0,0.125,2.0
DTEAHHZ,0.0,0.0,0.0,0.0
DU8EHYV,0.0,0.0,0.0,0.0
DUAAA6S,0.0,0.0,0.0,0.0
DVBNC5Y,4.0,2.0,0.4,2.0
DW5JHYW,1747.0,1152.0,0.3403890160183066,595.0
DW7YR9G,75.0,23.0,0.6842105263157895,52.0
DW84W6G,0.0,0.0,0.0,0.0
DX7QYFT,0.0,0.0,0.0,0.0
DXBQ9BH,158.0,123.0,0.22012578616352202,35.0
DXU7WPD,0.0,0.0,0.0,0.0
DY5FZ7Q,1.0,0.0,0.5,1.0
DY83595,0.0,0.0,0.0,0.0
DYFEJ3H,0.0,0.0,0.0,0.0
DYQKPER,0.0,0.0,0.0,0.0
DYRB8Q9,0.0,0.0,0.0,0.0
DYS3HAF,0.0,0.0,0.0,0.0
DZHMSEY,515.0,602.0,0.1686046511627907,87.0
DZT7HDH,0.0,0.0,0.0,0.0
DZUUYRH,0.0,0.0,0.0,0.0
DZZFKHX,0.0,0.0,0.0,0.0
E3NJBSQ,0.0,0.0,0.0,0.0
E3RKKDX,0.0,0.0,0.0,0.0
E4KRKHX,216.0,110.0,0.48847926267281105,106.0
E4YNGTM,0.0,0.0,0.0,0.0
E4YTGHZ,0.0,0.0,0.0,0.0
E6MGZGT,0.0,0.0,0.0,0.0
E6SGYWC,2.0,1.0,0.3333333333333333,1.0
E86NYTG,440.0,240.0,0.45351473922902497,200.0
E8G2SDV,0.0,0.0,0.0,0.0
E8KJYEQ,0.0,0.0,0.0,0.0
EA5EWEV,0.0,0.0,0.0,0.0
EACGHEE,4.0,8.0,0.8,4.0
EAGFBGK,0.0,0.0,0.0,0.0
EAPRX4Q,0.0,0.0,0.0,0.0
EBGAYFR,0.0,0.0,0.0,0.0
EBUKZX2,2184.0,515.0,0.7638443935926773,1669.0
ECJZ5XA,0.0,0.0,0.0,0.0
EDFBHCE,0.0,0.0,0.0,0.0
EDZJB9Y,16.0,54.0,2.235294117647059,38.0
EEMQUPZ,0.0,0.0,0.0,0.0
EFCJYQF,66.0,34.0,0.47761194029850745,32.0
EFGHVJD,0.0,0.0,0.0,0.0
EFSWASX,1153.0,1161.0,0.006932409012131715,8.0
EFXH3HF,0.0,0.0,0.0,0.0
EG26HZW,1242.0,2351.0,0.8921962992759453,1109.0
EG8ZGCS,0.0,0.0,0.0,0.0
EGDMYQR,1.0,0.0,0.5,1.0
EGUBSXE,0.0,0.0,0.0,0.0
EH8DEFZ,1.0,0.0,0.5,1.0
EHEZD8U,7.0,0.0,0.875,7.0
EHMUUZY,0.0,0.0,0.0,0.0
EHU2GTF,0.0,0.0,0.0,0.0
EHUCZMU,28.0,10.0,0.6206896551724138,18.0
EHWPYZD,0.0,0.0,0.0,0.0
EHZDXDZ,0.0,0.0,0.0,0.0
EJ3G5AA,6.0,5.0,0.14285714285714285,1.0
EJDHHZH,0.0,0.0,0.0,0.0
EJYVBXG,0.0,0.0,0.0,0.0
EMCKRGE,856.0,555.0,0.35122520420070014,301.0
EMTSPWM,39.0,21.0,0.45,18.0
EMUZSBY,5.0,1.0,0.6666666666666666,4.0
EMYJYWC,1306.0,953.0,0.2700841622035195,353.0
EN7YZXJ,0.0,0.0,0.0,0.0
ENTTY9M,0.0,0.0,0.0,0.0
EPEWFYH,0.0,0.0,0.0,0.0
EPGJXE2,0.0,0.0,0.0,0.0
EPH7GMV,0.0,0.0,0.0,0.0
EPHFHWM,0.0,0.0,0.0,0.0
EPJZMHG,0.0,0.0,0.0,0.0
EQM4ZSY,0.0,0.0,0.0,0.0
EQUY4B2,415.0,45.0,0.8894230769230769,370.0
EQXQQM2,0.0,0.0,0.0,0.0
ER2URWX,0.0,0.0,0.0,0.0
ERMXR2C,0.0,0.0,0.0,0.0
ERP6PNS,0.0,0.0,0.0,0.0
ERRQPJH,1.0,4.0,1.5,3.0
ESEZDEW,249.0,156.0,0.372,93.0
ESHAPGA,0.0,0.0,0.0,0.0
ESSZY4W,3074.0,1563.0,0.4913821138211382,1511.0
ESTHKKR,0.0,0.0,0.0,0.0
ETGYFKZ,0.0,0.0,0.0,0.0
ETVHC4H,0.0,0.0,0.0,0.0
ETYGFAT,0.0,0.0,0.0,0.0
ETZN4FK,0.0,0.0,0.0,0.0
EUCNHUM,0.0,0.0,0.0,0.0
EUH6PKS,2.0,0.0,0.6666666666666666,2.0
EV4JU9K,0.0,0.0,0.0,0.0
EVG5PQ3,0.0,2.0,2.0,2.0
EVNPWS2,0.0,0.0,0.0,0.0
EWFGSG2,0.0,0.0,0.0,0.0
EWN8NCN,0.0,0.0,0.0,0.0
EWP7XR2,946.0,745.0,0.2122492080253432,201.0
EWQZ4XU,0.0,0.0,0.0,0.0
EXEHPCM,0.0,0.0,0.0,0.0
EXQSZSV,0.0,0.0,0.0,0.0
EXZ33N7,0.0,0.0,0.0,0.0
EYCTMBU,110.0,60.0,0.45045045045045046,50.0
EYNW7ZR,3208.0,1242.0,0.6126519164848863,1966.0
EZA6Y3C,0.0,5.0,5.0,5.0
EZCPYYY,0.0,0.0,0.0,0.0
EZDAGRK,2.0,0.0,0.6666666666666666,2.0
EZDRUWP,75.0,46.0,0.3815789473684211,29.0
EZH4NHQ,0.0,0.0,0.0,0.0
EZHSGZA,93.0,96.0,0.031914893617021274,3.0
EZK2KUA,0.0,0.0,0.0,0.0
EZNGBHS,0.0,0.0,0.0,0.0
EZRCXRV,0.0,0.0,0.0,0.0
EZTDAPU,3325.0,3031.0,0.08839446782922429,294.0
EZUKWDM,0.0,0.0,0.0,0.0
EZXGGWA,23.0,22.0,0.041666666666666664,1.0
EZZY2YR,1062.0,437.0,0.587958607714017,625.0
F27Y72B,0.0,0.0,0.0,0.0
F29YZ74,0.0,0.0,0.0,0.0
F2DEADS,79.0,85.0,0.075,6.0
F3BYQDH,0.0,0.0,0.0,0.0
F4SXQQG,0.0,0.0,0.0,0.0
F5GFVYD,0.0,0.0,0.0,0.0
F5WS7BT,14.0,7.0,0.4666666666666667,7.0
F68DUG4,0.0,0.0,0.0,0.0
F6STNGF,2.0,2.0,0.0,0.0
F6XQ5ZW,0.0,0.0,0.0,0.0
F7J4XSQ,0.0,0.0,0.0,0.0
F7PPT6Z,0.0,0.0,0.0,0.0
F8BQEYQ,6.0,10.0,0.5714285714285714,4.0
F8F7HJS,1.0,1.0,0.0,0.0
F8HJGS7,183.0,216.0,0.1793478260869565,33.0
F8QK37Q,0.0,0.0,0.0,0.0
F9NZVRA,0.0,0.0,0.0,0.0
F9YHGGC,0.0,0.0,0.0,0.0
FAAATHZ,64.0,78.0,0.2153846153846154,14.0
FAAY8EB,0.0,0.0,0.0,0.0
FAFZYHH,0.0,0.0,0.0,0.0
FAQNSPF,4.0,2.0,0.4,2.0
FASKVUN,0.0,0.0,0.0,0.0
FATCJXH,2.0,1.0,0.3333333333333333,1.0
FBEKWJV,0.0,0.0,0.0,0.0
FBFMZZT,4.0,0.0,0.8,4.0
FBFRP6G,0.0,0.0,0.0,0.0
FBPDZHG,1852.0,238.0,0.8710199676200756,1614.0
FC8SUZZ,20.0,22.0,0.09523809523809523,2.0
FCAHP7C,4.0,5.0,0.2,1.0
FCGVBCK,0.0,0.0,0.0,0.0
FCMQY35,230.0,145.0,0.36796536796536794,85.0
FCQDWMY,0.0,0.0,0.0,0.0
FCZEZCP,0.0,0.0,0.0,0.0
FD4H23B,1.0,0.0,0.5,1.0
FDCWFDZ,0.0,0.0,0.0,0.0
FDPZVZJ,0.0,0.0,0.0,0.0
FDWTEQ4,32.0,31.0,0.030303030303030304,1.0
FDXKFHW,1.0,0.0,0.5,1.0
FE5QHFB,0.0,0.0,0.0,0.0
FE66VCK,0.0,0.0,0.0,0.0
FEDHHUU,0.0,0.0,0.0,0.0
FEFMTGT,0.0,0.0,0.0,0.0
FEZHYE6,0.0,0.0,0.0,0.0
FF8JBAD,34.0,34.0,0.0,0.0
FFHDXZD,33.0,36.0,0.08823529411764706,3.0
FFJKGKE,0.0,0.0,0.0,0.0
FFKHXRC,1.0,0.0,0.5,1.0
FFX9TUN,0.0,0.0,0.0,0.0
FFY7AZW,0.0,0.0,0.0,0.0
FFYGUTP,31.0,27.0,0.125,4.0
FG2CW7S,0.0,0.0,0.0,0.0
FG8VNXS,0.0,0.0,0.0,0.0
FGKA8SG,0.0,0.0,0.0,0.0
FGNUZJA,0.0,0.0,0.0,0.0
FGNXWSN,0.0,0.0,0.0,0.0
FGQ2VPH,0.0,0.0,0.0,0.0
FGSBHJZ,0.0,0.0,0.0,0.0
FGV4MSY,0.0,0.0,0.0,0.0
FGZW2GD,0.0,0.0,0.0,0.0
FHDXMZ4,929.0,113.0,0.8774193548387097,816.0
FHEZYFY,0.0,0.0,0.0,0.0
FHFJKZT,12.0,1.0,0.8461538461538461,11.0
FHHGTZN,0.0,0.0,0.0,0.0
FHJZXWZ,0.0,0.0,0.0,0.0
FHPSSNA,0.0,0.0,0.0,0.0
FHYHDZS,1073.0,411.0,0.6163873370577281,662.0
FJDFGJE,0.0,1.0,1.0,1.0
FJWRHAG,347.0,69.0,0.7988505747126436,278.0
FKPKEKZ,0.0,0.0,0.0,0.0
FKREUVZ,2.0,0.0,0.6666666666666666,2.0
FMGDRHZ,1.0,1.0,0.0,0.0
FMGNNAM,0.0,0.0,0.0,0.0
FMN4RHZ,1.0,4.0,1.5,3.0
FMNET7K,0.0,1.0,1.0,1.0
FMNRX9G,0.0,0.0,0.0,0.0
FMYCHCX,2.0,0.0,0.6666666666666666,2.0
FNNZYZY,0.0,0.0,0.0,0.0
FNPCF5G,0.0,0.0,0.0,0.0
FNPQWKC,0.0,0.0,0.0,0.0
FNZDNMM,0.0,0.0,0.0,0.0
FPBGHPK,0.0,0.0,0.0,0.0
FPTTRHH,0.0,0.0,0.0,0.0
FPVBAGC,0.0,0.0,0.0,0.0
FPYFWZQ,350.0,140.0,0.5982905982905983,210.0
FQHFAZE,0.0,0.0,0.0,0.0
FQR4YCJ,0.0,0.0,0.0,0.0
FRK8FBJ,0.0,0.0,0.0,0.0
FSCZXWG,193.0,118.0,0.3865979381443299,75.0
FSQYBFU,9471.0,1947.0,0.7943412162162162,7524.0
FTHSJTB,82.0,61.0,0.25301204819277107,21.0
FU3MDJ7,272.0,167.0,0.38461538461538464,105.0
FUMPEBY,0.0,0.0,0.0,0.0
FUMUXXW,3.0,4.0,0.25,1.0
FUYVYVA,0.0,0.0,0.0,0.0
FUZXHYW,0.0,0.0,0.0,0.0
FV7PZZV,0.0,0.0,0.0,0.0
FVCGS23,9.0,7.0,0.2,2.0
FVGSHS7,4.0,5.0,0.2,1.0
FVHCQ2X,0.0,0.0,0.0,0.0
FVMYUCZ,2.0,2.0,0.0,0.0
FVSKXZU,0.0,0.0,0.0,0.0
FVXDUZZ,0.0,0.0,0.0,0.0
FVZQYWB,1590.0,1137.0,0.28472658705216847,453.0
FWCZFMK,0.0,0.0,0.0,0.0
FWJESYY,0.0,0.0,0.0,0.0
FWJHRQD,2.0,3.0,0.3333333333333333,1.0
FWV9VDN,0.0,0.0,0.0,0.0
FXT36JJ,0.0,0.0,0.0,0.0
FXZKTTH,0.0,0.0,0.0,0.0
FY5VCAY,0.0,0.0,0.0,0.0
FYFHUHK,0.0,0.0,0.0,0.0
FYGVUUV,0.0,0.0,0.0,0.0
FYJ8KQX,0.0,0.0,0.0,0.0
FYWY7NF,0.0,0.0,0.0,0.0
FZA7BRB,0.0,0.0,0.0,0.0
FZGJKCF,0.0,0.0,0.0,0.0
FZHFGXC,1.0,0.0,0.5,1.0
FZNHMWU,0.0,0.0,0.0,0.0
FZSAF8D,0.0,0.0,0.0,0.0
FZSD86P,0.0,0.0,0.0,0.0
FZTHKHG,17.0,12.0,0.2777777777777778,5.0
FZTYZHJ,0.0,0.0,0.0,0.0
FZVPQAP,0.0,0.0,0.0,0.0
FZWH9EQ,0.0,0.0,0.0,0.0
FZWHGKT,1692.0,1522.0,0.10041346721795628,170.0
FZWMYV6,0.0,0.0,0.0,0.0
FZXEVMQ,0.0,0.0,0.0,0.0
FZXR7PK,863.0,633.0,0.2662037037037037,230.0
G2JD2XT,6911.0,2111.0,0.6944444444444444,4800.0
G2XHZGR,1.0,0.0,0.5,1.0
G4HZ4SH,0.0,0.0,0.0,0.0
G5M9AGS,1.0,0.0,0.5,1.0
G5RJZGW,0.0,0.0,0.0,0.0
G5TRZCH,0.0,0.0,0.0,0.0
G5VRHWN,0.0,0.0,0.0,0.0
G5YVPZV,0.0,0.0,0.0,0.0
G7CKSM4,0.0,0.0,0.0,0.0
G7GHE6M,80.0,12.0,0.8395061728395061,68.0
G7HUZFZ,442.0,227.0,0.4853273137697517,215.0
G7SSK2W,0.0,0.0,0.0,0.0
G7WABES,0.0,0.0,0.0,0.0
G9UNZYH,0.0,2.0,2.0,2.0
G9ZJSG4,142.0,116.0,0.18181818181818182,26.0
G9ZUFZH,0.0,0.0,0.0,0.0
GA6E8XB,0.0,0.0,0.0,0.0
GABFDYQ,14.0,0.0,0.9333333333333333,14.0
GAYANRQ,0.0,1.0,1.0,1.0
GAZRWFT,7.0,0.0,0.875,7.0
GB7FHF4,0.0,0.0,0.0,0.0
GBGHG7U,0.0,0.0,0.0,0.0
GBKYSYN,107.0,79.0,0.25925925925925924,28.0
GCGCU5B,0.0,0.0,0.0,0.0
GCNUHAW,0.0,0.0,0.0,0.0
GCW5PGF,2.0,0.0,0.6666666666666666,2.0
GDJETF2,1.0,1.0,0.0,0.0
GDPZYGH,0.0,0.0,0.0,0.0
GDSWQZN,0.0,0.0,0.0,0.0
GE7EU7H,0.0,0.0,0.0,0.0
GEAMGPW,1.0,0.0,0.5,1.0
GEBGZFC,61.0,42.0,0.3064516129032258,19.0
GEEGXFR,0.0,0.0,0.0,0.0
GEKSCTY,0.0,0.0,0.0,0.0
GETEBVM,1.0,0.0,0.5,1.0
GETUPHE,0.0,0.0,0.0,0.0
GEUXH35,0.0,0.0,0.0,0.0
GF4P6BZ,0.0,0.0,0.0,0.0
GFAYHDE,5.0,7.0,0.3333333333333333,2.0
GFBG8EF,14.0,7.0,0.4666666666666667,7.0
GFBGHFE,0.0,0.0,0.0,0.0
GFCMNY8,0.0,0.0,0.0,0.0
GFCZHUA,0.0,0.0,0.0,0.0
GFERDQB,0.0,0.0,0.0,0.0
GFN9JRN,0.0,0.0,0.0,0.0
GFZNZ9M,173.0,207.0,0.19540229885057472,34.0
GG6KCEP,0.0,0.0,0.0,0.0
GG9PCER,66.0,102.0,0.5373134328358209,36.0
GGE3ZHM,418.0,418.0,0.0,0.0
GGFQWYY,0.0,0.0,0.0,0.0
GGGHJQR,0.0,0.0,0.0,0.0
GGHKHPD,0.0,0.0,0.0,0.0
GGKUFY6,2.0,1.0,0.3333333333333333,1.0
GGKWEU3,4.0,1.0,0.6,3.0
GGQM2CA,437.0,58.0,0.865296803652968,379.0
GGZF8KS,357.0,343.0,0.03910614525139665,14.0
GH3ZZYK,0.0,1.0,1.0,1.0
GH5KHJ9,295.0,17.0,0.9391891891891891,278.0
GHCJFGG,29.0,4.0,0.8333333333333334,25.0
GHF24MM,26.0,92.0,2.4444444444444446,66.0
GHG2QPN,0.0,0.0,0.0,0.0
GHG9Y8X,0.0,0.0,0.0,0.0
GHHADW8,0.0,0.0,0.0,0.0
GHHQENF,0.0,0.0,0.0,0.0
GHHWCEZ,36.0,36.0,0.0,0.0
GHQ9GN7,151.0,89.0,0.40789473684210525,62.0
GHRZSDP,0.0,0.0,0.0,0.0
GHYMGPW,0.0,0.0,0.0,0.0
GHZSHA7,0.0,0.0,0.0,0.0
GHZTMGN,383.0,168.0,0.5598958333333334,215.0
GJBKYNG,0.0,0.0,0.0,0.0
GJCEYNY,13.0,13.0,0.0,0.0
GJCTZNM,16.0,6.0,0.5882352941176471,10.0
GJECSK9,453.0,272.0,0.3986784140969163,181.0
GJGWCXX,0.0,0.0,0.0,0.0
GJJPVBC,28.0,40.0,0.41379310344827586,12.0
GJKWRND,1.0,0.0,0.5,1.0
GJTZQAY,149.0,70.0,0.5266666666666666,79.0
GJUATYD,0.0,0.0,0.0,0.0
GK3VR5T,0.0,0.0,0.0,0.0
GKGHMHD,0.0,0.0,0.0,0.0
GKHPAGU,53.0,48.0,0.09259259259259259,5.0
GKYRYZY,0.0,0.0,0.0,0.0
GM2X5R3,0.0,1.0,1.0,1.0
GM9B4EU,0.0,0.0,0.0,0.0
GMD7GEZ,0.0,0.0,0.0,0.0
GMMBMG4,0.0,0.0,0.0,0.0
GN526X4,0.0,0.0,0.0,0.0
GNAHHRE,0.0,0.0,0.0,0.0
GNGHQM7,127.0,108.0,0.1484375,19.0
GNZDFYG,65.0,53.0,0.18181818181818182,12.0
GPENHHR,0.0,1.0,1.0,1.0
GPG3G2Y,0.0,0.0,0.0,0.0
GPSHEYH,0.0,0.0,0.0,0.0
GQ8H5WF,0.0,0.0,0.0,0.0
GQD7FPV,0.0,0.0,0.0,0.0
GQEHY38,0.0,0.0,0.0,0.0
GQFVBYJ,0.0,0.0,0.0,0.0
GQPZPVE,0.0,0.0,0.0,0.0
GR9N5FW,26.0,35.0,0.3333333333333333,9.0
GRC9YGQ,0.0,0.0,0.0,0.0
GRE3GZN,0.0,0.0,0.0,0.0
GRFRYYQ,0.0,0.0,0.0,0.0
GRHFRJ9,0.0,0.0,0.0,0.0
GRHGTDW,3.0,2.0,0.25,1.0
GRRDBH6,4.0,1.0,0.6,3.0
GRX6UFJ,0.0,0.0,0.0,0.0
GSBVH6U,0.0,0.0,0.0,0.0
GSCNHJF,5.0,8.0,0.5,3.0
GSGXWYQ,43.0,31.0,0.2727272727272727,12.0
GSHJTRA,2.0,1.0,0.3333333333333333,1.0
GSJXCKG,0.0,0.0,0.0,0.0
GSRRWUZ,0.0,0.0,0.0,0.0
GSZGD5B,7.0,2.0,0.625,5.0
GT9QE9U,394.0,259.0,0.34177215189873417,135.0
GTDZPEE,0.0,0.0,0.0,0.0
GTFGFZW,0.0,0.0,0.0,0.0
GTGRBHR,3.0,1.0,0.5,2.0
GTPFWRY,0.0,0.0,0.0,0.0
GTQTBBU,0.0,0.0,0.0,0.0
GTWFSGD,2992.0,1109.0,0.6291346475108587,1883.0
GUATGRT,4211.0,2178.0,0.48266856600189934,2033.0
GUB9YFQ,0.0,0.0,0.0,0.0
GUDPEY4,1.0,1.0,0.0,0.0
GUG4FTZ,3.0,1.0,0.5,2.0
GUMFG4C,41.0,40.0,0.023809523809523808,1.0
GUYRGST,0.0,0.0,0.0,0.0
GV4RAFU,0.0,0.0,0.0,0.0
GV8XHGX,16.0,9.0,0.4117647058823529,7.0
GVECRZK,0.0,0.0,0.0,0.0
GVJYKCQ,0.0,0.0,0.0,0.0
GVNAPYY,170.0,57.0,0.6608187134502924,113.0
GVRYPRZ,0.0,0.0,0.0,0.0
GVVQYZD,0.0,0.0,0.0,0.0
GW3UJWG,0.0,1.0,1.0,1.0
GWBUWEN,0.0,0.0,0.0,0.0
GWDYZQ7,839.0,294.0,0.6488095238095238,545.0
GWKEDCC,0.0,0.0,0.0,0.0
GWZNBYY,0.0,0.0,0.0,0.0
GWZQFUJ,0.0,0.0,0.0,0.0
GX5K3RE,0.0,0.0,0.0,0.0
GX9VRFS,0.0,0.0,0.0,0.0
GXAPF5B,2.0,8.0,2.0,6.0
GXEMMEV,0.0,0.0,0.0,0.0
GXFA8FU,0.0,0.0,0.0,0.0
GXGCRRP,0.0,0.0,0.0,0.0
GXJRBTK,0.0,0.0,0.0,0.0
GXJRDGB,2.0,0.0,0.6666666666666666,2.0
GXPD2JC,0.0,0.0,0.0,0.0
GXTZ4VT,0.0,0.0,0.0,0.0
GXZGMAG,2.0,0.0,0.6666666666666666,2.0
GY6PKBY,0.0,0.0,0.0,0.0
GYD9ETX,4680.0,1108.0,0.7630848109378338,3572.0
GYEA4HT,0.0,0.0,0.0,0.0
GYHNEMB,716.0,631.0,0.11854951185495119,85.0
GYJTN8R,0.0,0.0,0.0,0.0
GYMRSVQ,0.0,0.0,0.0,0.0
GYNUDHW,0.0,0.0,0.0,0.0
GYNZFRM,0.0,0.0,0.0,0.0
GYP3VWJ,0.0,0.0,0.0,0.0
GYSAS9X,0.0,0.0,0.0,0.0
GYU4K4B,0.0,0.0,0.0,0.0
GYVRM6Z,0.0,0.0,0.0,0.0
GYZCSGY,4651.0,3203.0,0.3112639724849527,1448.0
GYZDJZY,1819.0,376.0,0.7928571428571428,1443.0
GYZFGFE,1.0,3.0,1.0,2.0
GZ3GAKT,9166.0,4495.0,0.5095451074506382,4671.0
GZAUZGK,302.0,378.0,0.2508250825082508,76.0
GZBXNGK,0.0,0.0,0.0,0.0
GZCW2FF,0.0,0.0,0.0,0.0
GZFEZHH,0.0,0.0,0.0,0.0
GZH4ZRU,0.0,0.0,0.0,0.0
GZJZPPF,0.0,0.0,0.0,0.0
GZKFHZK,0.0,0.0,0.0,0.0
GZMWPHZ,0.0,0.0,0.0,0.0
GZPUWU3,0.0,0.0,0.0,0.0
GZSZ8VB,0.0,0.0,0.0,0.0
GZTNRY8,0.0,0.0,0.0,0.0
GZUTHQZ,0.0,0.0,0.0,0.0
GZYP5TE,0.0,0.0,0.0,0.0
GZYRGSR,0.0,0.0,0.0,0.0
GZYYZAK,0.0,0.0,0.0,0.0
GZZCWU3,0.0,0.0,0.0,0.0
GZZNHHA,0.0,0.0,0.0,0.0
GZZZV3G,0.0,0.0,0.0,0.0
H2BDXTV,49.0,39.0,0.2,10.0
H3ESHCZ,426.0,258.0,0.39344262295081966,168.0
H3EZYZZ,0.0,0.0,0.0,0.0
H3FAA39,3306.0,721.0,0.7816752343513759,2585.0
H3MMRAA,16.0,75.0,3.4705882352941178,59.0
H4AM8FE,0.0,0.0,0.0,0.0
H4CEC4C,0.0,0.0,0.0,0.0
H4EZHZJ,0.0,0.0,0.0,0.0
H4ZGVZT,13.0,18.0,0.35714285714285715,5.0
H5FVTNH,0.0,0.0,0.0,0.0
H5HTS54,0.0,0.0,0.0,0.0
H5Z73SY,0.0,1.0,1.0,1.0
H6CRTHR,0.0,0.0,0.0,0.0
H6HZ9NF,0.0,0.0,0.0,0.0
H6Q5ZN4,26.0,16.0,0.37037037037037035,10.0
H7GV6MS,0.0,0.0,0.0,0.0
H7ZDZUA,0.0,0.0,0.0,0.0
H82K2ZV,0.0,0.0,0.0,0.0
H8FDZHB,11.0,16.0,0.4166666666666667,5.0
H8MY6E2,836.0,283.0,0.6606929510155317,553.0
H9A2S3N,626.0,66.0,0.8931419457735247,560.0
H9CEJWG,0.0,0.0,0.0,0.0
HA6ZVM2,21.0,15.0,0.2727272727272727,6.0
HAHADSH,252.0,276.0,0.09486166007905138,24.0
HAKE6CZ,1.0,0.0,0.5,1.0
HAVEKEF,0.0,0.0,0.0,0.0
HB58GJN,0.0,0.0,0.0,0.0
HBAZQN7,223.0,194.0,0.12946428571428573,29.0
HBHMSPR,2199.0,700.0,0.6813636363636364,1499.0
HBK44JY,0.0,0.0,0.0,0.0
HBKKFSN,28360.0,8599.0,0.6967666866471564,19761.0
HBMYAQD,0.0,0.0,0.0,0.0
HBPXYNZ,0.0,0.0,0.0,0.0
HBUUCCZ,246.0,199.0,0.1902834008097166,47.0
HC2SYSA,0.0,0.0,0.0,0.0
HC3WHZZ,0.0,0.0,0.0,0.0
HC42XMF,0.0,0.0,0.0,0.0
HCAUDEB,1.0,0.0,0.5,1.0
HCQ4ZZZ,0.0,0.0,0.0,0.0
HCWCAXG,236.0,180.0,0.23628691983122363,56.0
HDCZKVY,0.0,0.0,0.0,0.0
HDDF5SZ,0.0,1.0,1.0,1.0
HDKPSQD,1120.0,0.0,0.9991079393398751,1120.0
HDU43F6,0.0,1.0,1.0,1.0
HDZCJ4Q,0.0,0.0,0.0,0.0
HDZZSVZ,383.0,40.0,0.8932291666666666,343.0
HE7ZPSB,1999.0,300.0,0.8495,1699.0
HEMNGHW,63.0,13.0,0.78125,50.0
HEMZGDF,0.0,0.0,0.0,0.0
HEPGSHM,4.0,14.0,2.0,10.0
HERTDAC,0.0,0.0,0.0,0.0
HEXTZHV,0.0,0.0,0.0,0.0
HF2XEFB,70.0,74.0,0.056338028169014086,4.0
HFDPU4Y,0.0,0.0,0.0,0.0
HFF7DVN,0.0,0.0,0.0,0.0
HFFUYM7,280.0,168.0,0.398576512455516,112.0
HFFWZEA,555.0,371.0,0.33093525179856115,184.0
HFSGNWN,0.0,0.0,0.0,0.0
HFSWPTH,0.0,0.0,0.0,0.0
HFUY5GH,0.0,0.0,0.0,0.0
HFXGXGB,0.0,0.0,0.0,0.0
HFYZWPY,0.0,0.0,0.0,0.0
HFZJN6N,337.0,141.0,0.5798816568047337,196.0
HFZVZFG,0.0,0.0,0.0,0.0
HG78BDG,0.0,0.0,0.0,0.0
HG86FDG,0.0,0.0,0.0,0.0
HG9SBGG,87.0,103.0,0.18181818181818182,16.0
HGA8BY9,0.0,0.0,0.0,0.0
HGBZUGW,0.0,0.0,0.0,0.0
HGQHXSB,169.0,0.0,0.9941176470588236,169.0
HGS7KMQ,1.0,0.0,0.5,1.0
HGSHHSA,0.0,0.0,0.0,0.0
HGSQH6P,0.0,0.0,0.0,0.0
HGTWKTZ,17.0,9.0,0.4444444444444444,8.0
HGUXAFZ,1.0,0.0,0.5,1.0
HGVVNJ5,0.0,0.0,0.0,0.0
HGWNKSF,0.0,0.0,0.0,0.0
HGWWPPB,0.0,0.0,0.0,0.0
HH7UP2Y,0.0,0.0,0.0,0.0
HHCUG5N,12.0,6.0,0.46153846153846156,6.0
HHCZGFZ,9.0,2.0,0.7,7.0
HHDUWKD,0.0,0.0,0.0,0.0
HHGU6YT,0.0,0.0,0.0,0.0
HHMHJDF,0.0,0.0,0.0,0.0
HHNFCJU,0.0,0.0,0.0,0.0
HHNRHXH,0.0,0.0,0.0,0.0
HHQGRRP,1611.0,690.0,0.5713399503722084,921.0
HHUGHVW,0.0,0.0,0.0,0.0
HHUJFNY,0.0,0.0,0.0,0.0
HHY9CZK,0.0,0.0,0.0,0.0
HJ4VRZN,0.0,0.0,0.0,0.0
HJGRUXK,1.0,3.0,1.0,2.0
HJHABMS,0.0,0.0,0.0,0.0
HJHMX8N,13.0,4.0,0.6428571428571429,9.0
HJM8HKS,4.0,5.0,0.2,1.0
HJMF9C5,0.0,1.0,1.0,1.0
HJRBCYZ,0.0,6.0,6.0,6.0
HJVNGK7,75.0,46.0,0.3815789473684211,29.0
HKFRMRR,158.0,120.0,0.2389937106918239,38.0
HKGAEYV,1.0,0.0,0.5,1.0
HKJMJZ3,0.0,0.0,0.0,0.0
HKKGB78,4.0,6.0,0.4,2.0
HKKUAMH,0.0,0.0,0.0,0.0
HKQSJEG,2367.0,2354.0,0.005489864864864865,13.0
HM4VRHS,0.0,0.0,0.0,0.0
HMCPQWX,0.0,0.0,0.0,0.0
HMNGS6H,0.0,0.0,0.0,0.0
HMUJZ7J,0.0,0.0,0.0,0.0
HMWQRH2,0.0,0.0,0.0,0.0
HN2GUWD,1.0,0.0,0.5,1.0
HNBHMCK,0.0,0.0,0.0,0.0
HNTUSUF,0.0,0.0,0.0,0.0
HNTZPWE,4033.0,3399.0,0.15716410510659395,634.0
HNYCMTS,0.0,0.0,0.0,0.0
HNYTAFZ,787.0,1422.0,0.8058375634517766,635.0
HP6JAGR,0.0,0.0,0.0,0.0
HPCABQZ,10.0,1.0,0.8181818181818182,9.0
HPEBYMC,64.0,4.0,0.9230769230769231,60.0
HPFWQRD,0.0,0.0,0.0,0.0
HPMHNBU,0.0,0.0,0.0,0.0
HPVFZ5R,3103.0,830.0,0.7322809278350515,2273.0
HPYMQX8,0.0,0.0,0.0,0.0
HPYMT5B,0.0,0.0,0.0,0.0
HQF3QEZ,2.0,2.0,0.0,0.0
HQRHJUF,62.0,36.0,0.4126984126984127,26.0
HQVAJWB,0.0,0.0,0.0,0.0
HQVNDFA,0.0,0.0,0.0,0.0
HQZK9GW,8.0,5.0,0.3333333333333333,3.0
HRAWAYX,0.0,0.0,0.0,0.0
HRDF7ZX,647.0,796.0,0.22993827160493827,149.0
HRFWPZD,0.0,0.0,0.0,0.0
HRHC9YY,0.0,0.0,0.0,0.0
HRMKUPP,0.0,0.0,0.0,0.0
HRNRFKY,2.0,0.0,0.6666666666666666,2.0
HRNZAZF,0.0,0.0,0.0,0.0
HRVUWFE,4626.0,2792.0,0.39636913767019666,1834.0
HRY2MZZ,0.0,0.0,0.0,0.0
HRYUKVR,3050.0,2683.0,0.1202884300229433,367.0
HRZVTK8,0.0,0.0,0.0,0.0
HS63AAY,39.0,10.0,0.725,29.0
HSRM9TS,14.0,19.0,0.3333333333333333,5.0
HSXKMGW,0.0,0.0,0.0,0.0
HSZS9HY,0.0,0.0,0.0,0.0
HTAPDYD,0.0,0.0,0.0,0.0
HTDYC6F,0.0,0.0,0.0,0.0
HTKJC8B,0.0,0.0,0.0,0.0
HTNXG9K,0.0,0.0,0.0,0.0
HTNY368,0.0,0.0,0.0,0.0
HTXSHPN,0.0,1.0,1.0,1.0
HTYSAHZ,0.0,0.0,0.0,0.0
HTZUGW6,0.0,0.0,0.0,0.0
HTZVQMZ,0.0,0.0,0.0,0.0
HTZZPPQ,0.0,0.0,0.0,0.0
HUM2BQB,0.0,0.0,0.0,0.0
HUNZBEY,0.0,0.0,0.0,0.0
HUXY9HZ,0.0,0.0,0.0,0.0
HVD9V2K,1.0,0.0,0.5,1.0
HVFKYFF,5.0,8.0,0.5,3.0
HVM9DVN,0.0,0.0,0.0,0.0
HVURJQB,1.0,0.0,0.5,1.0
HVYAJQ8,0.0,0.0,0.0,0.0
HWZDXFC,0.0,4.0,4.0,4.0
HWZN8QJ,1156.0,626.0,0.4580812445980985,530.0
HX3NZRR,0.0,0.0,0.0,0.0
HX9ENVV,0.0,0.0,0.0,0.0
HXAV43V,184.0,153.0,0.16756756756756758,31.0
HXHP4KP,0.0,0.0,0.0,0.0
HXRJKHQ,2.0,0.0,0.6666666666666666,2.0
HXTQ5FE,0.0,0.0,0.0,0.0
HY6G5HH,91.0,198.0,1.1630434782608696,107.0
HY8QGEH,3.0,2.0,0.25,1.0
HYAGZ4K,0.0,1.0,1.0,1.0
HYBXHBJ,0.0,0.0,0.0,0.0
HYHTZNQ,1.0,0.0,0.5,1.0
HYSHQYM,88.0,71.0,0.19101123595505617,17.0
HYVX96A,2.0,0.0,0.6666666666666666,2.0
HYZNNMM,0.0,0.0,0.0,0.0
HZ2BVMH,616.0,570.0,0.07455429497568881,46.0
HZ2HJU8,0.0,0.0,0.0,0.0
HZ33BJY,0.0,0.0,0.0,0.0
HZ4ZZRR,0.0,0.0,0.0,0.0
HZ5ZTVY,0.0,0.0,0.0,0.0
HZ9XVKM,3.0,0.0,0.75,3.0
HZAVPXG,0.0,0.0,0.0,0.0
HZB2T6G,0.0,0.0,0.0,0.0
HZD6MDD,0.0,0.0,0.0,0.0
HZDTC8Z,1647.0,198.0,0.879247572815534,1449.0
HZHG2UH,0.0,0.0,0.0,0.0
HZKAFD6,0.0,0.0,0.0,0.0
HZPHTHV,128.0,60.0,0.5271317829457365,68.0
HZPVE2A,0.0,0.0,0.0,0.0
HZQ6ZKD,0.0,0.0,0.0,0.0
HZRCHK2,0.0,0.0,0.0,0.0
HZSPFVZ,39.0,24.0,0.375,15.0
HZWZSJP,0.0,0.0,0.0,0.0
HZYGYGT,0.0,0.0,0.0,0.0
HZYUZW8,0.0,0.0,0.0,0.0
HZYWQZX,7.0,18.0,1.375,11.0
J3NR3BB,0.0,1.0,1.0,1.0
J3TCPUJ,0.0,0.0,0.0,0.0
J5KNNPN,1.0,0.0,0.5,1.0
J5Q3RXK,0.0,1.0,1.0,1.0
J5YBVGQ,77.0,8.0,0.8846153846153846,69.0
J5YNYFF,28.0,18.0,0.3448275862068966,10.0
J6GJ8MK,15.0,1.0,0.875,14.0
J6PJ2RE,0.0,0.0,0.0,0.0
J7NKPQE,0.0,0.0,0.0,0.0
J8DHGKY,117.0,96.0,0.17796610169491525,21.0
J8N3XKT,1.0,0.0,0.5,1.0
JARXM4N,0.0,0.0,0.0,0.0
JASEV3B,0.0,0.0,0.0,0.0
JB7BYFS,0.0,0.0,0.0,0.0
JB7XAFV,0.0,0.0,0.0,0.0
JBJGZSE,0.0,0.0,0.0,0.0
JBMCAWN,128.0,73.0,0.4263565891472868,55.0
JBQJH5A,0.0,0.0,0.0,0.0
JBSFUK8,0.0,0.0,0.0,0.0
JCBTPUB,2006.0,617.0,0.6920777279521674,1389.0
JCKYJ55,0.0,0.0,0.0,0.0
JCP6YBB,6.0,0.0,0.8571428571428571,6.0
JCWYGCC,0.0,0.0,0.0,0.0
JCXZUV3,26.0,38.0,0.4444444444444444,12.0
JDN3DS4,0.0,0.0,0.0,0.0
JDRNXPC,8.0,5.0,0.3333333333333333,3.0
JDVF95N,1500.0,592.0,0.6049300466355763,908.0
JDWAHFU,0.0,0.0,0.0,0.0
JDYSYM7,0.0,0.0,0.0,0.0
JEENBRP,0.0,0.0,0.0,0.0
JEHR4QN,33.0,30.0,0.08823529411764706,3.0
JEKKM9T,0.0,0.0,0.0,0.0
JFCABET,86.0,31.0,0.632183908045977,55.0
JFDHHAC,92.0,70.0,0.23655913978494625,22.0
JFHTXFU,0.0,0.0,0.0,0.0
JFXY2XT,56.0,9.0,0.8245614035087719,47.0
JGQ6HHE,0.0,14.0,14.0,14.0
JGQTN22,767.0,26.0,0.96484375,741.0
JGZYRZC,15.0,94.0,4.9375,79.0
JH2HAH7,0.0,0.0,0.0,0.0
JH6R3HQ,3.0,2.0,0.25,1.0
JH8GH7M,8.0,5.0,0.3333333333333333,3.0
JHEJQZZ,0.0,0.0,0.0,0.0
JHFV5PH,0.0,0.0,0.0,0.0
JHNTDGS,0.0,0.0,0.0,0.0
JKSVZBG,0.0,0.0,0.0,0.0
JKZFDZY,0.0,0.0,0.0,0.0
JM66ZNG,0.0,0.0,0.0,0.0
JMG84ZE,0.0,0.0,0.0,0.0
JMRENEB,0.0,0.0,0.0,0.0
JNGF3DG,0.0,0.0,0.0,0.0
JNYYSNB,0.0,0.0,0.0,0.0
JNZQDZC,0.0,0.0,0.0,0.0
JPAXYYX,0.0,0.0,0.0,0.0
JPNHEGV,0.0,0.0,0.0,0.0
JQHGJXA,0.0,0.0,0.0,0.0
JQN3ZQZ,0.0,0.0,0.0,0.0
JQSCW4R,0.0,0.0,0.0,0.0
JR5YG2U,7.0,4.0,0.375,3.0
JRGH4NE,0.0,0.0,0.0,0.0
JRV9WZZ,0.0,0.0,0.0,0.0
JRYXGHW,0.0,0.0,0.0,0.0
JSBHRNE,0.0,0.0,0.0,0.0
JSNYZSG,109.0,84.0,0.22727272727272727,25.0
JSV8HWZ,41.0,63.0,0.5238095238095238,22.0
JSYKJGQ,0.0,0.0,0.0,0.0
JTYBWCW,0.0,1.0,1.0,1.0
JU7EMFW,0.0,0.0,0.0,0.0
JUFTYQJ,14.0,18.0,0.26666666666666666,4.0
JUTSNCP,1.0,0.0,0.5,1.0
JUYZGGC,0.0,0.0,0.0,0.0
JUZRYNG,0.0,0.0,0.0,0.0
JV6SJQW,60.0,51.0,0.14754098360655737,9.0
JVSHPSF,0.0,0.0,0.0,0.0
JWMYFA2,0.0,0.0,0.0,0.0
JWQFEFX,9.0,7.0,0.2,2.0
JWVBCJD,10.0,9.0,0.09090909090909091,1.0
JX6NWWY,149.0,86.0,0.42,63.0
JXDBDFF,36.0,42.0,0.16216216216216217,6.0
JXVHAYP,0.0,0.0,0.0,0.0
JYH6APY,0.0,0.0,0.0,0.0
JYWASGY,0.0,0.0,0.0,0.0
JZ9YX2G,4162.0,1849.0,0.55560893586356,2313.0
JZKSX3K,4.0,6.0,0.4,2.0
JZVAF4H,0.0,0.0,0.0,0.0
JZZRHEN,0.0,0.0,0.0,0.0
K2HHZCM,0.0,0.0,0.0,0.0
K2HY4MN,0.0,0.0,0.0,0.0
K2UFKZA,0.0,0.0,0.0,0.0
K33MBG9,361.0,448.0,0.24033149171270718,87.0
K3EJPFW,49.0,82.0,0.66,33.0
K3JYRNS,0.0,0.0,0.0,0.0
K4UGWZS,0.0,0.0,0.0,0.0
K67HFGK,24.0,49.0,1.0,25.0
K68PHTJ,0.0,0.0,0.0,0.0
K6GPFGG,0.0,0.0,0.0,0.0
K7Y9AJ8,0.0,0.0,0.0,0.0
K8BDMYM,0.0,0.0,0.0,0.0
K8ZTENA,1073.0,1112.0,0.036312849162011177,39.0
KAQZMKT,0.0,0.0,0.0,0.0
KAV8QCZ,3697.0,975.0,0.7360735532720389,2722.0
KB9B8XV,0.0,0.0,0.0,0.0
KBCKUGQ,0.0,17.0,17.0,17.0
KBFG2ZH,0.0,0.0,0.0,0.0
KCFCTPT,38.0,20.0,0.46153846153846156,18.0
KCPR6ZH,43.0,28.0,0.3409090909090909,15.0
KCSJY9P,0.0,0.0,0.0,0.0
KDBZUMC,17615.0,2622.0,0.8511012715712988,14993.0
KDJXZJA,1.0,7.0,3.0,6.0
KDKVRQV,1981.0,1630.0,0.17709384460141273,351.0
KDM23Q8,0.0,0.0,0.0,0.0
KDN4DG2,0.0,0.0,0.0,0.0
KF9ZBUK,61.0,56.0,0.08064516129032258,5.0
KFAPA9F,0.0,0.0,0.0,0.0
KFB5TBP,1.0,0.0,0.5,1.0
KFSWGMB,0.0,0.0,0.0,0.0
KFY7EFT,0.0,0.0,0.0,0.0
KFYVTWH,0.0,0.0,0.0,0.0
KGEXXGZ,1.0,0.0,0.5,1.0
KGFRKGF,0.0,0.0,0.0,0.0
KGG6AVB,3.0,0.0,0.75,3.0
KGWS3YB,0.0,0.0,0.0,0.0
KGZKJAR,12.0,10.0,0.15384615384615385,2.0
KH2HFNN,0.0,0.0,0.0,0.0
KHF8RAU,1.0,0.0,0.5,1.0
KHFKBNB,0.0,0.0,0.0,0.0
KHFV832,0.0,0.0,0.0,0.0
KHMFCVF,0.0,0.0,0.0,0.0
KHR8KCG,0.0,0.0,0.0,0.0
KJ6VFDH,0.0,0.0,0.0,0.0
KJEYTR4,0.0,0.0,0.0,0.0
KJGJ2AK,0.0,0.0,0.0,0.0
KJNMH2D,206.0,499.0,1.4154589371980677,293.0
KKG9A4R,0.0,0.0,0.0,0.0
KKRXDDS,11.0,9.0,0.16666666666666666,2.0
KM7MNQH,6.0,2.0,0.5714285714285714,4.0
KMAADTZ,0.0,0.0,0.0,0.0
KMGHQTA,2.0,0.0,0.6666666666666666,2.0
KNP8XFG,1440.0,4526.0,2.1415683553088134,3086.0
KNSHHVN,0.0,0.0,0.0,0.0
KNZHGQP,5.0,0.0,0.8333333333333334,5.0
KPQTZVZ,2.0,1.0,0.3333333333333333,1.0
KPRRVJC,0.0,0.0,0.0,0.0
KPSNQDR,0.0,0.0,0.0,0.0
KQH3W5F,0.0,0.0,0.0,0.0
KQK4KZP,11.0,8.0,0.25,3.0
KQMUYZP,0.0,0.0,0.0,0.0
KQRJHJS,0.0,0.0,0.0,0.0
KQVMGVU,1.0,0.0,0.5,1.0
KRABKAM,0.0,0.0,0.0,0.0
KRCBT9J,75.0,46.0,0.3815789473684211,29.0
KRDQEKS,0.0,0.0,0.0,0.0
KRSHG5M,0.0,0.0,0.0,0.0
KRYJ8D4,0.0,0.0,0.0,0.0
KS2676B,0.0,0.0,0.0,0.0
KSGYNWZ,0.0,0.0,0.0,0.0
KSMDXH7,0.0,0.0,0.0,0.0
KSP3VTP,0.0,0.0,0.0,0.0
KT2VSBB,81.0,4.0,0.9390243902439024,77.0
KTN6R7E,0.0,0.0,0.0,0.0
KTYH82T,0.0,0.0,0.0,0.0
KUAMC24,0.0,0.0,0.0,0.0
KUNXJ7Z,22.0,106.0,3.652173913043478,84.0
KUVFXTE,0.0,0.0,0.0,0.0
KUVZ8DG,384.0,590.0,0.535064935064935,206.0
KUYZFZA,0.0,0.0,0.0,0.0
KVCWDUF,0.0,0.0,0.0,0.0
KVFQHZT,0.0,0.0,0.0,0.0
KVVVHMS,35.0,67.0,0.8888888888888888,32.0
KWDAC4A,0.0,0.0,0.0,0.0
KX8WWZA,0.0,0.0,0.0,0.0
KXCHZ4J,0.0,0.0,0.0,0.0
KXCTBV4,0.0,0.0,0.0,0.0
KXMFYHP,2396.0,2380.0,0.006675010429703796,16.0
KY9H62J,0.0,0.0,0.0,0.0
KYDGYYQ,31.0,10.0,0.65625,21.0
KYW3TEK,0.0,0.0,0.0,0.0
KYYCXUS,0.0,0.0,0.0,0.0
KZ6CPYY,0.0,1.0,1.0,1.0
KZBTEFK,3.0,1.0,0.5,2.0
KZGPYJW,5.0,4.0,0.16666666666666666,1.0
KZH9FNZ,0.0,0.0,0.0,0.0
KZHTHKJ,1.0,2.0,0.5,1.0
KZRNRH5,0.0,0.0,0.0,0.0
KZV4GQF,11.0,1.0,0.8333333333333334,10.0
M3KFVE3,358.0,88.0,0.7520891364902507,270.0
M48KE8F,0.0,0.0,0.0,0.0
M5HZHXX,2782.0,2816.0,0.01221703197987783,34.0
M6FB35G,0.0,0.0,0.0,0.0
M7CTGXU,4003.0,1464.0,0.6341158841158842,2539.0
M7GCQ5C,0.0,0.0,0.0,0.0
M7QYFZV,0.0,0.0,0.0,0.0
M9BVYCF,7.0,3.0,0.5,4.0
M9HSYZG,0.0,0.0,0.0,0.0
M9ZPZBB,17543.0,4795.0,0.7266301869585043,12748.0
MA4YVCK,0.0,0.0,0.0,0.0
MAHY3AJ,0.0,0.0,0.0,0.0
MBJC4A6,0.0,0.0,0.0,0.0
MBWQCHE,0.0,0.0,0.0,0.0
MCGAZ6J,0.0,0.0,0.0,0.0
MCGQSS8,0.0,0.0,0.0,0.0
MCH3GZX,986.0,84.0,0.9138804457953394,902.0
MCQMQHH,21.0,40.0,0.8636363636363636,19.0
MCRP5CR,16.0,9.0,0.4117647058823529,7.0
MCUGMQH,0.0,0.0,0.0,0.0
MCWMGUV,0.0,0.0,0.0,0.0
MCZR7RG,0.0,0.0,0.0,0.0
MDDDGKA,0.0,0.0,0.0,0.0
MDJT8UF,0.0,0.0,0.0,0.0
MEGWUKJ,0.0,0.0,0.0,0.0
MEN6HDZ,0.0,1.0,1.0,1.0
MEVUEG4,0.0,0.0,0.0,0.0
MEWZJGV,0.0,0.0,0.0,0.0
MEZWYXX,557.0,406.0,0.27060931899641577,151.0
MF2XMRR,0.0,0.0,0.0,0.0
MFNGTHM,0.0,0.0,0.0,0.0
MG9DKSG,0.0,0.0,0.0,0.0
MGBRSKP,0.0,0.0,0.0,0.0
MGDFYJK,0.0,0.0,0.0,0.0
MGHMQZH,0.0,0.0,0.0,0.0
MGRNG4Q,2044.0,578.0,0.7168704156479218,1466.0
MGXSYHA,0.0,0.0,0.0,0.0
MGYUBHU,50.0,23.0,0.5294117647058824,27.0
MHCSWDF,2.0,0.0,0.6666666666666666,2.0
MHF7HXK,1872.0,325.0,0.8259476775226908,1547.0
MHFKHT5,609.0,389.0,0.36065573770491804,220.0
MHGCWHF,0.0,0.0,0.0,0.0
MHNZ9AK,0.0,0.0,0.0,0.0
MHYEQAA,0.0,0.0,0.0,0.0
MJEXZYN,0.0,0.0,0.0,0.0
MJHCXSG,0.0,0.0,0.0,0.0
MK4Z6NZ,0.0,0.0,0.0,0.0
MKPVK7Q,29.0,7.0,0.7333333333333333,22.0
MM555GW,20409.0,11297.0,0.4464478196962273,9112.0
MNPZJJR,100.0,82.0,0.1782178217821782,18.0
MNRSNW4,0.0,0.0,0.0,0.0
MP8PUY3,0.0,0.0,0.0,0.0
MPBSB5H,0.0,0.0,0.0,0.0
MPGNCBZ,0.0,0.0,0.0,0.0
MPHQFQT,0.0,0.0,0.0,0.0
MQJFZ5C,0.0,0.0,0.0,0.0
MRMZDQ9,262.0,236.0,0.09885931558935361,26.0
MRNGVGW,2304.0,1645.0,0.2859002169197397,659.0
MSAMFQS,0.0,0.0,0.0,0.0
MSDNJZH,0.0,0.0,0.0,0.0
MSUE94W,1496.0,1297.0,0.13293253173012692,199.0
MSZB8DK,0.0,0.0,0.0,0.0
MT7HMR7,2.0,0.0,0.6666666666666666,2.0
MTED5D5,1457.0,939.0,0.355281207133059,518.0
MTFJGTD,8.0,7.0,0.1111111111111111,1.0
MTHYHSH,3279.0,1640.0,0.4996951219512195,1639.0
MTNNGHQ,0.0,1.0,1.0,1.0
MTZDC7U,0.0,0.0,0.0,0.0
MU5HEUK,0.0,0.0,0.0,0.0
MUFGSZE,10.0,22.0,1.0909090909090908,12.0
MUTEJYG,0.0,0.0,0.0,0.0
MUVYQFG,0.0,0.0,0.0,0.0
MV3HPEZ,4745.0,2121.0,0.5528866413822165,2624.0
MVEZ7YN,0.0,0.0,0.0,0.0
MVF8PHG,6.0,8.0,0.2857142857142857,2.0
MVMSJHT,0.0,0.0,0.0,0.0
MWAQM7Z,0.0,0.0,0.0,0.0
MWJCSHP,0.0,0.0,0.0,0.0
MWJV5PZ,0.0,0.0,0.0,0.0
MWSQTHK,0.0,0.0,0.0,0.0
MX23QRH,0.0,0.0,0.0,0.0
MX2AKFD,0.0,0.0,0.0,0.0
MXANY2Q,178.0,152.0,0.1452513966480447,26.0
MXAUMZW,0.0,0.0,0.0,0.0
MXCUXBS,0.0,0.0,0.0,0.0
MXDG6UM,0.0,0.0,0.0,0.0
MXPNQHG,204.0,42.0,0.7902439024390244,162.0
MXTAE6H,0.0,0.0,0.0,0.0
MXXWETG,3.0,0.0,0.75,3.0
MXZATX3,0.0,0.0,0.0,0.0
MXZGXGT,1234.0,0.0,0.9991902834008097,1234.0
MY9F6VY,0.0,0.0,0.0,0.0
MYDP8WP,0.0,0.0,0.0,0.0
MYMT4HN,9.0,1.0,0.8,8.0
MYQY6RS,0.0,0.0,0.0,0.0
MZ3DZPJ,0.0,0.0,0.0,0.0
MZA5PU5,3807.0,4199.0,0.10294117647058823,392.0
MZDB6Z6,0.0,0.0,0.0,0.0
MZFZJVN,188.0,332.0,0.7619047619047619,144.0
MZRP57F,0.0,0.0,0.0,0.0
MZYFNDT,0.0,0.0,0.0,0.0
MZYRAGD,0.0,0.0,0.0,0.0
N29ZJF4,48.0,40.0,0.16326530612244897,8.0
N2PUCWA,0.0,0.0,0.0,0.0
N3GPDZ7,1292.0,692.0,0.46403712296983757,600.0
N3SNRFA,0.0,0.0,0.0,0.0
N4GGTGY,0.0,0.0,0.0,0.0
N4R8GHF,42.0,0.0,0.9767441860465116,42.0
N6HHE8U,0.0,0.0,0.0,0.0
N6U4DSS,0.0,0.0,0.0,0.0
N8QVZH8,82.0,103.0,0.25301204819277107,21.0
N8ZY4EY,0.0,0.0,0.0,0.0
N94RDFF,0.0,0.0,0.0,0.0
N97SRMQ,152.0,137.0,0.09803921568627451,15.0
N9CA9HT,33.0,18.0,0.4411764705882353,15.0
NAYKSUH,3905.0,2022.0,0.482078853046595,1883.0
NB4EZXF,0.0,0.0,0.0,0.0
NBBBBP5,29.0,9.0,0.6666666666666666,20.0
NCAEXCQ,1.0,0.0,0.5,1.0
NCDD4HY,0.0,0.0,0.0,0.0
NCZG2QD,0.0,0.0,0.0,0.0
NDWE2HT,21.0,14.0,0.3181818181818182,7.0
NDXSGHS,31937.0,15338.0,0.5197257185797483,16599.0
NDXZZ7U,0.0,0.0,0.0,0.0
NECBJJS,1.0,1.0,0.0,0.0
NEGCN7H,122.0,124.0,0.016260162601626018,2.0
NEPMZTB,79.0,24.0,0.6875,55.0
NESDMEU,0.0,0.0,0.0,0.0
NFAZK2T,17.0,1.0,0.8888888888888888,16.0
NFGENVG,0.0,0.0,0.0,0.0
NFGFNAB,0.0,0.0,0.0,0.0
NFHDQ8D,0.0,0.0,0.0,0.0
NFZUPSX,0.0,0.0,0.0,0.0
NG9688H,0.0,0.0,0.0,0.0
NGEBHH3,0.0,0.0,0.0,0.0
NGGDKKX,0.0,0.0,0.0,0.0
NGKKNRX,0.0,0.0,0.0,0.0
NGKZS9W,0.0,0.0,0.0,0.0
NGQFTYJ,1.0,0.0,0.5,1.0
NGY78NU,0.0,0.0,0.0,0.0
NGZVMJE,0.0,0.0,0.0,0.0
NGZZSK2,0.0,0.0,0.0,0.0
NHCA9UH,0.0,0.0,0.0,0.0
NHF7NSD,0.0,0.0,0.0,0.0
NHHGPSS,0.0,0.0,0.0,0.0
NHTBHJM,11.0,34.0,1.9166666666666667,23.0
NJDJTDY,138.0,141.0,0.02158273381294964,3.0
NJYHHQR,0.0,0.0,0.0,0.0
NKDAMRB,0.0,0.0,0.0,0.0
NKYGQMA,0.0,0.0,0.0,0.0
NKZRSB8,0.0,0.0,0.0,0.0
NMETGEF,0.0,0.0,0.0,0.0
NMETGGG,0.0,0.0,0.0,0.0
NNNUSKB,0.0,0.0,0.0,0.0
NPAFPYW,0.0,0.0,0.0,0.0
NPMHBWE,1.0,1.0,0.0,0.0
NPQQWXV,0.0,1.0,1.0,1.0
NPZ2Q66,0.0,0.0,0.0,0.0
NRGPUAU,0.0,0.0,0.0,0.0
NRK8K7G,0.0,0.0,0.0,0.0
NRQY2BX,1259.0,711.0,0.43492063492063493,548.0
NRYHFGF,158.0,116.0,0.2641509433962264,42.0
NSBKHVJ,0.0,0.0,0.0,0.0
NSHBGRC,292.0,253.0,0.13310580204778158,39.0
NSJZ23R,50.0,0.0,0.9803921568627451,50.0
NT8KPW7,0.0,0.0,0.0,0.0
NTTZKZ5,0.0,0.0,0.0,0.0
NUF6NDV,0.0,0.0,0.0,0.0
NUNVGNQ,0.0,0.0,0.0,0.0
NUPBCD2,9.0,5.0,0.4,4.0
NVGGMZF,0.0,0.0,0.0,0.0
NVQ2ZZU,0.0,0.0,0.0,0.0
NVYGGHY,0.0,0.0,0.0,0.0
NW3HK8K,395.0,0.0,0.9974747474747475,395.0
NWAEVRK,0.0,0.0,0.0,0.0
NWDGK6T,0.0,0.0,0.0,0.0
NWPUGWW,2141.0,2325.0,0.08590102707749767,184.0
NWXZE6N,0.0,0.0,0.0,0.0
NXAPGW4,0.0,0.0,0.0,0.0
NXFQKGS,0.0,0.0,0.0,0.0
NYCBGWR,0.0,0.0,0.0,0.0
NYDBZKW,4908.0,2510.0,0.488490527602363,2398.0
NYMY4ZE,0.0,0.0,0.0,0.0
NZAWJY4,0.0,0.0,0.0,0.0
NZGABVJ,0.0,0.0,0.0,0.0
NZGAZUS,0.0,0.0,0.0,0.0
NZQRDCS,0.0,0.0,0.0,0.0
NZZ7RBP,0.0,0.0,0.0,0.0
NZZFHHK,0.0,0.0,0.0,0.0
P2AVT9G,0.0,0.0,0.0,0.0
P3XETBR,39997.0,2459.0,0.9384969248462424,37538.0
P6QCQ8F,0.0,0.0,0.0,0.0
P6RWKGG,0.0,0.0,0.0,0.0
P78HQ7R,19.0,2.0,0.85,17.0
P8H2RGG,3.0,1.0,0.5,2.0
P8NQPVN,0.0,0.0,0.0,0.0
P9RZWVM,0.0,0.0,0.0,0.0
PAW6PQN,1.0,0.0,0.5,1.0
PAWTCBH,0.0,0.0,0.0,0.0
PAYNSGG,0.0,0.0,0.0,0.0
PBEFUZD,0.0,0.0,0.0,0.0
PBGRZAY,0.0,0.0,0.0,0.0
PBJCW4Y,0.0,0.0,0.0,0.0
PC3NFFY,0.0,0.0,0.0,0.0
PCCHQHS,0.0,4.0,4.0,4.0
PCGXQW3,45.0,7.0,0.8260869565217391,38.0
PCPYZMV,0.0,0.0,0.0,0.0
PCVHNHD,75.0,57.0,0.23684210526315788,18.0
PD4Q5AK,0.0,0.0,0.0,0.0
PDJFFTJ,0.0,7.0,7.0,7.0
PDY2ERM,0.0,0.0,0.0,0.0
PEHJVTY,0.0,0.0,0.0,0.0
PFFCBDJ,0.0,0.0,0.0,0.0
PFJYYEY,0.0,0.0,0.0,0.0
PFUDHYK,3192.0,1673.0,0.47572815533980584,1519.0
PFYJSFT,49608.0,5409.0,0.8909472071599911,44199.0
PGNJ7HY,8445.0,6728.0,0.20329149893440682,1717.0
PGU7HVR,740.0,581.0,0.2145748987854251,159.0
PH6R2F9,0.0,0.0,0.0,0.0
PHAUMSH,0.0,0.0,0.0,0.0
PHJVQCA,2581.0,2287.0,0.11386522075910147,294.0
PHUPEE5,0.0,0.0,0.0,0.0
PHWNFNG,10.0,9.0,0.09090909090909091,1.0
PJBSHHZ,0.0,0.0,0.0,0.0
PJEYWTY,0.0,0.0,0.0,0.0
PK4B8N3,0.0,0.0,0.0,0.0
PKD8HDK,8631.0,4219.0,0.5111214087117701,4412.0
PKS5ZED,0.0,0.0,0.0,0.0
PKVHRUA,152.0,36.0,0.7581699346405228,116.0
PKXA8QH,0.0,0.0,0.0,0.0
PM7ESTE,3.0,2.0,0.25,1.0
PMBQG9C,0.0,0.0,0.0,0.0
PMDMYQZ,6026.0,1288.0,0.7861290857806538,4738.0
PMG29QM,0.0,0.0,0.0,0.0
PMGKHZN,0.0,0.0,0.0,0.0
PNGTCXF,0.0,2.0,2.0,2.0
PNH5PNA,209.0,132.0,0.36666666666666664,77.0
PQMAA2S,1250.0,1442.0,0.15347721822541965,192.0
PRG8GSU,8.0,92.0,9.333333333333334,84.0
PRGGZGH,0.0,0.0,0.0,0.0
PRTG48Z,0.0,0.0,0.0,0.0
PRUPZGC,0.0,0.0,0.0,0.0
PRZUHFT,0.0,0.0,0.0,0.0
PSDSWTH,0.0,0.0,0.0,0.0
PSJGHRK,0.0,0.0,0.0,0.0
PSYYJXZ,0.0,0.0,0.0,0.0
PTJWHKS,0.0,0.0,0.0,0.0
PTYTRM4,24.0,24.0,0.0,0.0
PTZF9VG,325.0,1103.0,2.3865030674846626,778.0
PUFAPMS,2645.0,1102.0,0.5831443688586546,1543.0
PUGMQXQ,0.0,0.0,0.0,0.0
PUP6HJY,1261.0,957.0,0.24088748019017434,304.0
PVAHUEZ,0.0,0.0,0.0,0.0
PVEPF2U,0.0,0.0,0.0,0.0
PVGJCES,0.0,0.0,0.0,0.0
PW8JHQF,0.0,0.0,0.0,0.0
PX3YG2J,0.0,0.0,0.0,0.0
PXHUCET,0.0,0.0,0.0,0.0
PXVSKNJ,31.0,156.0,3.90625,125.0
PYJ5TNF,4.0,22.0,3.6,18.0
PYMDWUN,3021.0,170.0,0.9434149569821311,2851.0
PYVPAZQ,0.0,0.0,0.0,0.0
PYWHHSG,1596.0,0.0,0.9993738259236068,1596.0
PYZSBGJ,0.0,0.0,0.0,0.0
PZ2S3DY,0.0,0.0,0.0,0.0
PZ5R9BG,0.0,0.0,0.0,0.0
PZEGRWU,977.0,349.0,0.6421267893660532,628.0
PZSC2AC,119.0,66.0,0.44166666666666665,53.0
PZTNKJQ,0.0,0.0,0.0,0.0
PZUCSSQ,100.0,84.0,0.15841584158415842,16.0
PZX89G6,0.0,0.0,0.0,0.0
PZZTXYR,0.0,0.0,0.0,0.0
Q2YFVTQ,236.0,166.0,0.29535864978902954,70.0
Q66DD2H,28.0,35.0,0.2413793103448276,7.0
Q6RWHFG,0.0,0.0,0.0,0.0
Q7RCHXU,0.0,0.0,0.0,0.0
Q89BGWR,2.0,0.0,0.6666666666666666,2.0
Q9PDXHN,0.0,0.0,0.0,0.0
QA2GSCS,0.0,0.0,0.0,0.0
QAGMTFZ,0.0,0.0,0.0,0.0
QB8P4EU,0.0,0.0,0.0,0.0
QBEVNGW,0.0,0.0,0.0,0.0
QBPGBKT,0.0,0.0,0.0,0.0
QBQZ2RV,0.0,0.0,0.0,0.0
QBUEZEF,0.0,0.0,0.0,0.0
QBZN7QZ,0.0,0.0,0.0,0.0
QC3JGDX,0.0,0.0,0.0,0.0
QDGZ7JY,954.0,511.0,0.4638743455497382,443.0
QEBSGPR,1.0,0.0,0.5,1.0
QEXBCKB,0.0,0.0,0.0,0.0
QFFFXZE,16.0,30.0,0.8235294117647058,14.0
QFU4C6H,0.0,0.0,0.0,0.0
QG5GA4M,0.0,0.0,0.0,0.0
QGAYVNV,0.0,0.0,0.0,0.0
QGDR9PC,0.0,0.0,0.0,0.0
QGFGACH,0.0,0.0,0.0,0.0
QGGPT2N,0.0,0.0,0.0,0.0
QGRSAZ3,0.0,0.0,0.0,0.0
QGTRXU9,552.0,289.0,0.4755877034358047,263.0
QGUDWHG,0.0,0.0,0.0,0.0
QGUHWRK,0.0,0.0,0.0,0.0
QGWVHPQ,0.0,0.0,0.0,0.0
QGZTCVW,1.0,0.0,0.5,1.0
QGZZZ27,0.0,0.0,0.0,0.0
QHH6VX9,0.0,0.0,0.0,0.0
QHHTMBZ,0.0,0.0,0.0,0.0
QHSCHM4,0.0,0.0,0.0,0.0
QHX4RNF,0.0,0.0,0.0,0.0
QHXHX6S,0.0,0.0,0.0,0.0
QHZNA5T,14.0,2.0,0.8,12.0
QJBVPX4,1893.0,935.0,0.5058078141499472,958.0
QJPR654,4.0,4.0,0.0,0.0
QJTUNMZ,1.0,0.0,0.5,1.0
QJYZUZS,221.0,92.0,0.581081081081081,129.0
QK2E4HC,0.0,1.0,1.0,1.0
QKJAPYF,0.0,0.0,0.0,0.0
QKKKTAW,0.0,0.0,0.0,0.0
QM4GHWN,4.0,3.0,0.2,1.0
QMESCDK,14.0,8.0,0.4,6.0
QMHDEW8,0.0,0.0,0.0,0.0
QMM8WPB,179.0,158.0,0.11666666666666667,21.0
QNPGR9J,0.0,2.0,2.0,2.0
QNVFZZY,28563.0,2690.0,0.9057905055314381,25873.0
QNXDJ2W,389.0,323.0,0.16923076923076924,66.0
QNZPTGN,0.0,0.0,0.0,0.0
QP8GYTN,0.0,0.0,0.0,0.0
QPBWJFB,0.0,0.0,0.0,0.0
QR3FQZT,1.0,2.0,0.5,1.0
QRXFZGT,0.0,0.0,0.0,0.0
QS7DUSD,0.0,0.0,0.0,0.0
QSAGAXG,1781.0,787.0,0.5578002244668911,994.0
QSGJZ5K,0.0,0.0,0.0,0.0
QSZKCP5,3.0,5.0,0.5,2.0
QTCSVNA,0.0,0.0,0.0,0.0
QTGNWVK,4.0,5.0,0.2,1.0
QTNPAH4,0.0,0.0,0.0,0.0
QTRCZ83,15.0,24.0,0.5625,9.0
QTXVHG6,0.0,0.0,0.0,0.0
QU3CHKG,0.0,0.0,0.0,0.0
QU8ZAWH,0.0,0.0,0.0,0.0
QUFHXKV,0.0,0.0,0.0,0.0
QVUPPPZ,0.0,0.0,0.0,0.0
QW4PZUF,1067.0,275.0,0.7415730337078652,792.0
QWBAM7G,0.0,0.0,0.0,0.0
QWKX6HK,16.0,1.0,0.8823529411764706,15.0
QWUYDZU,0.0,0.0,0.0,0.0
QWZSPY4,1.0,0.0,0.5,1.0
QXK9KKF,0.0,0.0,0.0,0.0
QXQEGNS,55.0,30.0,0.44642857142857145,25.0
QYAPBU5,0.0,0.0,0.0,0.0
QYB4RNZ,352.0,201.0,0.42776203966005666,151.0
QYFGVEY,4.0,4.0,0.0,0.0
QYQN8XT,2363.0,1566.0,0.3371404399323181,797.0
QYTPYEF,0.0,0.0,0.0,0.0
QZ2FZYH,0.0,0.0,0.0,0.0
QZ2QVFS,50730.0,2413.0,0.9524156827186533,48317.0
QZBPAPX,0.0,0.0,0.0,0.0
QZCFHYA,0.0,0.0,0.0,0.0
QZHCSQZ,44.0,50.0,0.13333333333333333,6.0
QZQGSZW,0.0,0.0,0.0,0.0
QZS6BKP,52.0,43.0,0.16981132075471697,9.0
R32WTT8,0.0,0.0,0.0,0.0
R3WXDT8,0.0,0.0,0.0,0.0
R4N3K4F,6832.0,3000.0,0.5608078442850871,3832.0
R5PE7BB,0.0,0.0,0.0,0.0
R6EQPWF,0.0,0.0,0.0,0.0
R9BTBFT,2.0,4.0,0.6666666666666666,2.0
R9HZGGU,0.0,0.0,0.0,0.0
RABGBHW,0.0,0.0,0.0,0.0
RBG2BSR,0.0,0.0,0.0,0.0
RBKHWME,209.0,193.0,0.0761904761904762,16.0
RBVHMBA,5.0,13.0,1.3333333333333333,8.0
RCVSKZC,36.0,7.0,0.7837837837837838,29.0
RCVYANE,171.0,336.0,0.9593023255813954,165.0
RD9XB8X,1.0,0.0,0.5,1.0
RDFQHDH,36.0,22.0,0.3783783783783784,14.0
RDT3JUR,3.0,4.0,0.25,1.0
RERWUZG,0.0,0.0,0.0,0.0
RET8QQS,1070.0,667.0,0.37628384687208216,403.0
REWQYFZ,0.0,0.0,0.0,0.0
REZWPYV,0.0,1.0,1.0,1.0
RFBYD57,0.0,0.0,0.0,0.0
RFCSJYR,3.0,0.0,0.75,3.0
RFHVRZY,85.0,29.0,0.6511627906976745,56.0
RFMHKQK,0.0,0.0,0.0,0.0
RFUCTMB,0.0,0.0,0.0,0.0
RFZ5WDG,3.0,1.0,0.5,2.0
RGE2JRF,0.0,0.0,0.0,0.0
RGFQGDK,1595.0,211.0,0.8671679197994987,1384.0
RGRYGPY,0.0,0.0,0.0,0.0
RGUKRFG,0.0,0.0,0.0,0.0
RGVNGAZ,0.0,0.0,0.0,0.0
RGWATEQ,0.0,0.0,0.0,0.0
RH3NQ4P,0.0,1.0,1.0,1.0
RHDEHGE,52.0,45.0,0.1320754716981132,7.0
RHHCNC6,31.0,19.0,0.375,12.0
RHWN5YZ,0.0,0.0,0.0,0.0
RHZ4PEP,0.0,0.0,0.0,0.0
RHZAYWZ,0.0,0.0,0.0,0.0
RJ8GYXZ,259.0,975.0,2.753846153846154,716.0
RJHQYCS,0.0,0.0,0.0,0.0
RJKJUH4,1568.0,49.0,0.9681325685149776,1519.0
RKKCRWZ,1006.0,1039.0,0.03277060575968222,33.0
RKNPVFA,10.0,17.0,0.6363636363636364,7.0
RKTTMWQ,0.0,0.0,0.0,0.0
RKWJQUS,0.0,0.0,0.0,0.0
RKYQRP8,0.0,0.0,0.0,0.0
RMGXNZW,0.0,0.0,0.0,0.0
RMGYNXJ,1.0,0.0,0.5,1.0
RMJ6QP6,0.0,0.0,0.0,0.0
RMXDDNZ,0.0,0.0,0.0,0.0
RNB8PQZ,0.0,0.0,0.0,0.0
RNJ9QUP,0.0,0.0,0.0,0.0
RNJU8G8,37.0,32.0,0.13157894736842105,5.0
RNTJSFE,0.0,0.0,0.0,0.0
RPH2UCD,1.0,0.0,0.5,1.0
RQA7CS3,1700.0,286.0,0.831275720164609,1414.0
RR9GKCV,0.0,0.0,0.0,0.0
RRMNDDK,0.0,0.0,0.0,0.0
RRNUJBP,0.0,0.0,0.0,0.0
RSAB8M3,0.0,0.0,0.0,0.0
RSPFFSP,0.0,0.0,0.0,0.0
RTNRTZP,0.0,0.0,0.0,0.0
RTRDV82,0.0,0.0,0.0,0.0
RTZGUUV,0.0,0.0,0.0,0.0
RUEBEHG,56.0,180.0,2.175438596491228,124.0
RV3FYFA,0.0,0.0,0.0,0.0
RV547RJ,0.0,0.0,0.0,0.0
RV8FFZR,6.0,6.0,0.0,0.0
RVMRJVK,0.0,0.0,0.0,0.0
RVRXVFR,282.0,100.0,0.6431095406360424,182.0
RVUGH9W,0.0,0.0,0.0,0.0
RWTJTS9,0.0,0.0,0.0,0.0
RWUSHCF,1.0,1.0,0.0,0.0
RYBP5X8,5.0,5.0,0.0,0.0
RYGBEPH,27.0,18.0,0.32142857142857145,9.0
RYSFC5P,22806.0,1542.0,0.9323453325733327,21264.0
RYTYYJF,0.0,0.0,0.0,0.0
RYW4NJT,0.0,2.0,2.0,2.0
RYYFYYG,1.0,0.0,0.5,1.0
RZ5SPGT,0.0,0.0,0.0,0.0
RZ8WP2M,240.0,62.0,0.7385892116182573,178.0
RZACVFY,0.0,0.0,0.0,0.0
RZFCMMD,13.0,5.0,0.5714285714285714,8.0
RZUGHVD,0.0,0.0,0.0,0.0
RZXUTA2,0.0,0.0,0.0,0.0
S43UBQF,0.0,0.0,0.0,0.0
S4CFKTK,5.0,4.0,0.16666666666666666,1.0
S584SAP,2.0,0.0,0.6666666666666666,2.0
S5BQRFA,8.0,3.0,0.5555555555555556,5.0
S67ZTEP,0.0,0.0,0.0,0.0
S6F97JW,0.0,0.0,0.0,0.0
S6QUQWX,0.0,0.0,0.0,0.0
SAEQFDH,0.0,0.0,0.0,0.0
SAJVKHP,0.0,0.0,0.0,0.0
SAMHC2E,0.0,0.0,0.0,0.0
SBABHVE,20.0,13.0,0.3333333333333333,7.0
SBANJWD,1.0,0.0,0.5,1.0
SBPZXVF,349.0,388.0,0.11142857142857143,39.0
SCSYFUZ,0.0,0.0,0.0,0.0
SEEEES6,0.0,0.0,0.0,0.0
SEFNBYH,0.0,0.0,0.0,0.0
SEGBS6F,3.0,0.0,0.75,3.0
SEHPF4M,0.0,0.0,0.0,0.0
SEKF2TV,0.0,0.0,0.0,0.0
SEMZR4Z,16.0,1.0,0.8823529411764706,15.0
SEZZQ78,0.0,7.0,7.0,7.0
SFH7GZT,567.0,192.0,0.6602112676056338,375.0
SFM8SJW,0.0,0.0,0.0,0.0
SFQPFQK,0.0,0.0,0.0,0.0
SFUTMWG,57.0,49.0,0.13793103448275862,8.0
SFUTWRC,2.0,0.0,0.6666666666666666,2.0
SFXGTNG,0.0,0.0,0.0,0.0
SGHMY2B,0.0,0.0,0.0,0.0
SGJJ2ZR,0.0,0.0,0.0,0.0
SGYG7ZT,0.0,0.0,0.0,0.0
SGZFGZN,0.0,0.0,0.0,0.0
SH5GF6H,0.0,0.0,0.0,0.0
SH7NMVT,0.0,0.0,0.0,0.0
SHESGR3,0.0,0.0,0.0,0.0
SHGRPYA,1.0,0.0,0.5,1.0
SHHH534,0.0,0.0,0.0,0.0
SJ5N6ZU,0.0,0.0,0.0,0.0
SJBZQWA,0.0,0.0,0.0,0.0
SJGQPS3,0.0,0.0,0.0,0.0
SJYBFWU,0.0,0.0,0.0,0.0
SKU84Z8,0.0,0.0,0.0,0.0
SKUZMMG,0.0,0.0,0.0,0.0
SKYWVTR,0.0,0.0,0.0,0.0
SMGTEX9,0.0,0.0,0.0,0.0
SMJXTMH,0.0,0.0,0.0,0.0
SMQB3GV,0.0,0.0,0.0,0.0
SMQYGZX,179.0,43.0,0.7555555555555555,136.0
SN5EPGU,355.0,54.0,0.8455056179775281,301.0
SNGTYBZ,0.0,0.0,0.0,0.0
SNVGGZC,0.0,0.0,0.0,0.0
SPF5JBE,0.0,0.0,0.0,0.0
SPYHVXZ,14.0,2.0,0.8,12.0
SQ3F3JY,0.0,0.0,0.0,0.0
SQCAKYG,0.0,0.0,0.0,0.0
SQFTYHG,0.0,0.0,0.0,0.0
SR3ZBWT,0.0,0.0,0.0,0.0
SRPVPRU,0.0,0.0,0.0,0.0
SRRDSZE,0.0,0.0,0.0,0.0
SS9JJDW,3315.0,1671.0,0.4957780458383595,1644.0
SSDGKTF,0.0,0.0,0.0,0.0
SSXVUNB,0.0,7.0,7.0,7.0
SSYSTG8,0.0,0.0,0.0,0.0
ST8EPGQ,0.0,0.0,0.0,0.0
ST9V6XR,7.0,5.0,0.25,2.0
STAZKES,0.0,0.0,0.0,0.0
STEFFVC,0.0,0.0,0.0,0.0
STJXCVT,0.0,0.0,0.0,0.0
STSQHZG,0.0,0.0,0.0,0.0
STXZPCD,0.0,0.0,0.0,0.0
STZEH6J,0.0,0.0,0.0,0.0
SU2FDKA,0.0,0.0,0.0,0.0
SUGMCZS,0.0,0.0,0.0,0.0
SUQDFCG,0.0,0.0,0.0,0.0
SUYVMAW,0.0,0.0,0.0,0.0
SV6EQ2Y,0.0,0.0,0.0,0.0
SVGJGZS,0.0,0.0,0.0,0.0
SVHDBGJ,1182.0,654.0,0.4463229078613694,528.0
SVJGGH6,14.0,10.0,0.26666666666666666,4.0
SVXEAHC,0.0,0.0,0.0,0.0
SVXXXDY,0.0,0.0,0.0,0.0
SWFGNRJ,0.0,0.0,0.0,0.0
SWFUKEQ,80.0,45.0,0.43209876543209874,35.0
SWKTTAU,0.0,0.0,0.0,0.0
SWSQJZV,0.0,0.0,0.0,0.0
SXAFETZ,0.0,0.0,0.0,0.0
SXFXXYB,133.0,129.0,0.029850746268656716,4.0
SXPYRBU,0.0,0.0,0.0,0.0
SYHBFJP,2.0,0.0,0.6666666666666666,2.0
SYPVZXR,37.0,4.0,0.868421052631579,33.0
SYUZZUK,0.0,0.0,0.0,0.0
SZ3QGJW,0.0,0.0,0.0,0.0
SZ8SFHH,0.0,0.0,0.0,0.0
SZC2QNH,0.0,0.0,0.0,0.0
SZEF3VV,0.0,0.0,0.0,0.0
SZVJGZJ,909.0,1347.0,0.48131868131868133,438.0
T2BNSS8,0.0,0.0,0.0,0.0
T2HYSTP,0.0,0.0,0.0,0.0
T2K8S6R,0.0,0.0,0.0,0.0
T3EZ2RJ,0.0,0.0,0.0,0.0
T4CCKGQ,2.0,9.0,2.3333333333333335,7.0
T4RBG8G,39.0,102.0,1.575,63.0
T4TGVZM,0.0,0.0,0.0,0.0
T5DNKKD,2.0,7.0,1.6666666666666667,5.0
T5UVZPZ,0.0,0.0,0.0,0.0
T7FJSQN,0.0,0.0,0.0,0.0
T83KCY8,2.0,2.0,0.0,0.0
T99HRJ4,682.0,643.0,0.05710102489019034,39.0
T9ZHJMM,1608.0,1150.0,0.2846488502175264,458.0
TA8VKWP,0.0,0.0,0.0,0.0
TAD3QPM,0.0,0.0,0.0,0.0
TAEXT3J,0.0,0.0,0.0,0.0
TAJTGTF,0.0,0.0,0.0,0.0
TAUDTNG,0.0,0.0,0.0,0.0
TBGNRH8,0.0,0.0,0.0,0.0
TBNBYEG,0.0,0.0,0.0,0.0
TCTF2YQ,11.0,15.0,0.3333333333333333,4.0
TD5G6JG,0.0,0.0,0.0,0.0
TDBCJRZ,0.0,0.0,0.0,0.0
TDM2MM3,2.0,1.0,0.3333333333333333,1.0
TDRN8AH,0.0,1.0,1.0,1.0
TDXYSHG,4.0,0.0,0.8,4.0
TE3FSBW,1.0,0.0,0.5,1.0
TFDXBBY,0.0,0.0,0.0,0.0
TFHTXUW,26.0,26.0,0.0,0.0
TFJMM7G,0.0,0.0,0.0,0.0
TFQUYDX,86.0,113.0,0.3103448275862069,27.0
TFVH4YN,2.0,2.0,0.0,0.0
TFZB2SY,0.0,0.0,0.0,0.0
TFZJXJ8,0.0,0.0,0.0,0.0
TGDEZFA,20.0,8.0,0.5714285714285714,12.0
TGGB99V,0.0,0.0,0.0,0.0
TGHZCQG,30.0,31.0,0.03225806451612903,1.0
TGKHFWJ,1.0,0.0,0.5,1.0
TGRGDZT,0.0,0.0,0.0,0.0
TGZBRXE,295.0,541.0,0.831081081081081,246.0
TGZHYAT,0.0,0.0,0.0,0.0
TGZJP6W,0.0,0.0,0.0,0.0
THAHHYJ,0.0,0.0,0.0,0.0
THVNXNH,0.0,0.0,0.0,0.0
THVQ4BY,28.0,20.0,0.27586206896551724,8.0
THZCGPU,11.0,3.0,0.6666666666666666,8.0
TJAFSXZ,0.0,0.0,0.0,0.0
TJG8WY5,0.0,0.0,0.0,0.0
TJKDSSG,3.0,2.0,0.25,1.0
TJQDA3B,0.0,0.0,0.0,0.0
TKAY7AH,0.0,0.0,0.0,0.0
TKHHHZU,881.0,82.0,0.9058956916099773,799.0
TKHMKH8,0.0,0.0,0.0,0.0
TKTUVD9,0.0,0.0,0.0,0.0
TKUYCZ2,0.0,0.0,0.0,0.0
TKYNHU8,0.0,0.0,0.0,0.0
TMGZC9U,2.0,7.0,1.6666666666666667,5.0
TMKZFV6,0.0,0.0,0.0,0.0
TN9R33Y,0.0,0.0,0.0,0.0
TNVRRJV,0.0,0.0,0.0,0.0
TPA68VH,0.0,0.0,0.0,0.0
TPEYZH6,10.0,9.0,0.09090909090909091,1.0
TPJZR8P,24.0,27.0,0.12,3.0
TPWSGQH,0.0,0.0,0.0,0.0
TPXVNMA,283.0,230.0,0.18661971830985916,53.0
TQ4CZVZ,0.0,0.0,0.0,0.0
TQH9GCN,0.0,0.0,0.0,0.0
TQTDJEB,0.0,0.0,0.0,0.0
TREATAR,0.0,0.0,0.0,0.0
TSBJSHY,0.0,0.0,0.0,0.0
TSHNQ5H,1.0,0.0,0.5,1.0
TSMUMSZ,0.0,0.0,0.0,0.0
TSPY4JS,19.0,36.0,0.85,17.0
TSSPSSZ,0.0,0.0,0.0,0.0
TSYHUG5,40.0,104.0,1.5609756097560976,64.0
TTCGGZR,0.0,0.0,0.0,0.0
TTEN832,0.0,0.0,0.0,0.0
TTF8WDF,0.0,0.0,0.0,0.0
TTFUQEH,0.0,0.0,0.0,0.0
TTM2GSH,14.0,11.0,0.2,3.0
TU7DNCA,8302.0,4355.0,0.47537034806696377,3947.0
TUARD75,0.0,0.0,0.0,0.0
TV7RSXG,7.0,7.0,0.0,0.0
TVFKPEJ,0.0,0.0,0.0,0.0
TVPYDDA,41.0,26.0,0.35714285714285715,15.0
TWGSWJ9,0.0,0.0,0.0,0.0
TXAAGYU,12.0,17.0,0.38461538461538464,5.0
TXCR6K4,0.0,0.0,0.0,0.0
TXGANTP,312.0,769.0,1.4600638977635783,457.0
TY3GHCY,0.0,0.0,0.0,0.0
TY4N6HK,6.0,10.0,0.5714285714285714,4.0
TY6FHB2,44.0,100.0,1.2444444444444445,56.0
TYAREDF,0.0,0.0,0.0,0.0
TYBPT7G,5.0,5.0,0.0,0.0
TYCRKMF,162.0,0.0,0.9938650306748467,162.0
TYDSTS8,0.0,0.0,0.0,0.0
TYQCZQG,27.0,15.0,0.42857142857142855,12.0
TYQKK6M,6096.0,4360.0,0.2847301951779564,1736.0
TYSZKQH,24.0,27.0,0.12,3.0
TZ3HMNF,0.0,0.0,0.0,0.0
TZFGJF9,5.0,42.0,6.166666666666667,37.0
TZFGZUQ,1.0,0.0,0.5,1.0
TZK9UZR,0.0,0.0,0.0,0.0
TZMF2FQ,0.0,0.0,0.0,0.0
U22NQYT,0.0,0.0,0.0,0.0
U2F5CYT,1232.0,453.0,0.6317923763179237,779.0
U3JZTZT,0.0,0.0,0.0,0.0
U4BWVBA,0.0,0.0,0.0,0.0
U58PHCZ,0.0,0.0,0.0,0.0
U5QSUYA,2.0,2.0,0.0,0.0
U6NNDH5,0.0,0.0,0.0,0.0
U8FK5XS,0.0,0.0,0.0,0.0
U945CSG,0.0,0.0,0.0,0.0
U9BDUBB,0.0,0.0,0.0,0.0
U9DWGJZ,1096.0,173.0,0.8413855970829535,923.0
UA5PEBK,0.0,0.0,0.0,0.0
UA8BMDZ,164.0,62.0,0.6181818181818182,102.0
UB3FUDR,0.0,0.0,0.0,0.0
UBBZFBR,0.0,1.0,1.0,1.0
UBH33YX,0.0,0.0,0.0,0.0
UBMWBGP,221.0,0.0,0.9954954954954955,221.0
UBTRCFS,0.0,0.0,0.0,0.0
UC22MBM,0.0,0.0,0.0,0.0
UCWYXMJ,0.0,0.0,0.0,0.0
UD6DGKZ,0.0,0.0,0.0,0.0
UD7NYRZ,0.0,0.0,0.0,0.0
UDJH7TG,0.0,0.0,0.0,0.0
UDJR6UD,39.0,35.0,0.1,4.0
UDPXZXQ,0.0,0.0,0.0,0.0
UE7MQGG,0.0,0.0,0.0,0.0
UENZFU3,0.0,0.0,0.0,0.0
UEQYPFG,0.0,0.0,0.0,0.0
UEVZPXD,0.0,0.0,0.0,0.0
UEZZZZB,0.0,0.0,0.0,0.0
UFG4KD9,0.0,0.0,0.0,0.0
UFZCSFS,2.0,0.0,0.6666666666666666,2.0
UGHXDZE,0.0,0.0,0.0,0.0
UGZBAZK,5.0,1.0,0.6666666666666666,4.0
UH9YBWT,0.0,0.0,0.0,0.0
UHBGQH3,0.0,0.0,0.0,0.0
UHQ9HNJ,0.0,0.0,0.0,0.0
UHQK9EZ,0.0,0.0,0.0,0.0
UHR8VG7,0.0,0.0,0.0,0.0
UHYFXBQ,0.0,0.0,0.0,0.0
UHYWFAE,1.0,0.0,0.5,1.0
UM4XNRR,0.0,0.0,0.0,0.0
UMESCUV,0.0,3.0,3.0,3.0
UMVY9ET,0.0,0.0,0.0,0.0
UNGDDQR,1519.0,737.0,0.5144736842105263,782.0
UNXNYZ4,306.0,192.0,0.3713355048859935,114.0
UP8DYWD,0.0,0.0,0.0,0.0
UPGABSJ,0.0,0.0,0.0,0.0
UPMKZEF,0.0,0.0,0.0,0.0
UPWN4DF,0.0,0.0,0.0,0.0
UQSGEG5,0.0,0.0,0.0,0.0
URCS37U,0.0,0.0,0.0,0.0
URFNYAJ,0.0,0.0,0.0,0.0
URGR68G,0.0,0.0,0.0,0.0
URXMSH6,0.0,0.0,0.0,0.0
URZWVKE,0.0,0.0,0.0,0.0
USCKEJ5,2.0,2.0,0.0,0.0
USEBFST,0.0,0.0,0.0,0.0
USRXYGV,0.0,0.0,0.0,0.0
USTXTVN,0.0,0.0,0.0,0.0
UTMXMFV,5793.0,3394.0,0.4140490162236797,2399.0
UTRZ5RB,0.0,0.0,0.0,0.0
UUFJJCA,0.0,2.0,2.0,2.0
UUHYEWE,1.0,1.0,0.0,0.0
UUKCBSB,0.0,0.0,0.0,0.0
UURGNCQ,0.0,0.0,0.0,0.0
UUWUZNQ,11.0,5.0,0.5,6.0
UUZG3QH,3164.0,1813.0,0.4268562401263823,1351.0
UW93AB3,54.0,43.0,0.2,11.0
UW9A4RC,1.0,0.0,0.5,1.0
UWBRZVH,0.0,0.0,0.0,0.0
UWEXXWY,62.0,137.0,1.1904761904761905,75.0
UX7H8WN,0.0,0.0,0.0,0.0
UXD74Z3,3.0,0.0,0.75,3.0
UXKN7UZ,0.0,0.0,0.0,0.0
UXWAGVT,0.0,0.0,0.0,0.0
UXWHR5H,0.0,0.0,0.0,0.0
UY6ZBVA,0.0,0.0,0.0,0.0
UY74ZND,0.0,0.0,0.0,0.0
UY84GD6,78.0,40.0,0.4810126582278481,38.0
UYABFYN,12.0,10.0,0.15384615384615385,2.0
UYGQJ3E,0.0,0.0,0.0,0.0
UYQ85V3,0.0,1.0,1.0,1.0
UYSUDYU,1.0,0.0,0.5,1.0
UYXFYGX,0.0,0.0,0.0,0.0
UZEYZGK,0.0,2.0,2.0,2.0
UZFQEDE,0.0,0.0,0.0,0.0
UZQKTTB,4399.0,1852.0,0.5788636363636364,2547.0
UZT96MV,0.0,0.0,0.0,0.0
UZTTYCZ,0.0,0.0,0.0,0.0
UZZBHJW,0.0,0.0,0.0,0.0
V34MYXX,2598.0,1023.0,0.6060023085802232,1575.0
V4DGGYC,0.0,0.0,0.0,0.0
V6XYCWZ,0.0,0.0,0.0,0.0
V6ZDPKB,2.0,2.0,0.0,0.0
V7GUFWA,4066.0,1468.0,0.6388000983525941,2598.0
V9ZSYEF,0.0,0.0,0.0,0.0
VAAPURY,1.0,3.0,1.0,2.0
VAQX7Z5,0.0,0.0,0.0,0.0
VAWVHVB,0.0,0.0,0.0,0.0
VAXSTYP,0.0,0.0,0.0,0.0
VBANCKG,7.0,1.0,0.75,6.0
VBFAPMR,0.0,1.0,1.0,1.0
VBK2KRX,0.0,0.0,0.0,0.0
VDBGA66,0.0,0.0,0.0,0.0
VDGJ2ZW,0.0,0.0,0.0,0.0
VDGJFVZ,97.0,141.0,0.4489795918367347,44.0
VDRVUY6,0.0,0.0,0.0,0.0
VDXXEZC,2176.0,1186.0,0.4547542489664676,990.0
VE7B7SZ,1.0,0.0,0.5,1.0
VE7F82Z,48.0,20.0,0.5714285714285714,28.0
VEDXJPK,1.0,2.0,0.5,1.0
VERAMGZ,0.0,2.0,2.0,2.0
VEXJHF2,0.0,0.0,0.0,0.0
VF9JRTA,0.0,0.0,0.0,0.0
VFJ5EWR,0.0,0.0,0.0,0.0
VFJJN6N,0.0,0.0,0.0,0.0
VFVNDAG,0.0,0.0,0.0,0.0
VG3HWWW,0.0,0.0,0.0,0.0
VG3TZMT,0.0,0.0,0.0,0.0
VG6PNVP,0.0,0.0,0.0,0.0
VGBEP4X,0.0,0.0,0.0,0.0
VGDHGWV,0.0,0.0,0.0,0.0
VGGEP7A,0.0,0.0,0.0,0.0
VGHTAYC,569.0,292.0,0.48596491228070177,277.0
VGSZ4KS,1.0,0.0,0.5,1.0
VGZF5HG,0.0,0.0,0.0,0.0
VHJM4HZ,0.0,0.0,0.0,0.0
VHXHUEP,0.0,0.0,0.0,0.0
VJ6GGV4,0.0,0.0,0.0,0.0
VJGC8GU,12.0,0.0,0.9230769230769231,12.0
VJGYWZP,1104.0,15.0,0.9855203619909503,1089.0
VJHKH76,0.0,0.0,0.0,0.0
VJYNHUV,0.0,0.0,0.0,0.0
VKAEMFX,3.0,6.0,0.75,3.0
VKBCARX,63.0,41.0,0.34375,22.0
VKBTQMB,746.0,69.0,0.9062918340026773,677.0
VKED3VQ,0.0,0.0,0.0,0.0
VKEGQCG,0.0,0.0,0.0,0.0
VKFEGTZ,0.0,0.0,0.0,0.0
VKFSSHJ,0.0,0.0,0.0,0.0
VKFXQZH,2.0,1.0,0.3333333333333333,1.0
VKJTZD4,0.0,2.0,2.0,2.0
VKT77YH,0.0,0.0,0.0,0.0
VKUUT3F,0.0,0.0,0.0,0.0
VKZ5AZJ,0.0,0.0,0.0,0.0
VKZUXS2,0.0,0.0,0.0,0.0
VMCX8FE,0.0,0.0,0.0,0.0
VMPEZNV,0.0,0.0,0.0,0.0
VNNMZCH,0.0,0.0,0.0,0.0
VNYWNTH,0.0,0.0,0.0,0.0
VNZFUXP,1.0,0.0,0.5,1.0
VPHHTYQ,1.0,0.0,0.5,1.0
VPT6WYX,0.0,0.0,0.0,0.0
VPZ77GX,0.0,0.0,0.0,0.0
VQGPYPC,0.0,0.0,0.0,0.0
VQJYYWY,0.0,0.0,0.0,0.0
VQQE4HW,0.0,0.0,0.0,0.0
VQZDFXG,0.0,0.0,0.0,0.0
VRDZGFQ,0.0,0.0,0.0,0.0
VSCZBYR,0.0,0.0,0.0,0.0
VSHGUWF,0.0,2.0,2.0,2.0
VSHPK5M,0.0,0.0,0.0,0.0
VSRBYGJ,0.0,2.0,2.0,2.0
VSSRY77,0.0,0.0,0.0,0.0
VTBTQZQ,0.0,0.0,0.0,0.0
VTGZZMQ,0.0,0.0,0.0,0.0
VTZY6VF,0.0,0.0,0.0,0.0
VUTZYPY,0.0,0.0,0.0,0.0
VVAGMHE,0.0,0.0,0.0,0.0
VVB4RH5,0.0,0.0,0.0,0.0
VVSJWG6,0.0,0.0,0.0,0.0
VWGFXES,0.0,0.0,0.0,0.0
VWGWN2U,0.0,0.0,0.0,0.0
VWHCXFY,0.0,0.0,0.0,0.0
VWMECHS,0.0,0.0,0.0,0.0
VWXR727,0.0,0.0,0.0,0.0
VXHHRDQ,0.0,0.0,0.0,0.0
VYDPUZT,1.0,0.0,0.5,1.0
VYNEWFG,0.0,0.0,0.0,0.0
VYSBWDW,0.0,0.0,0.0,0.0
VYUCSGA,0.0,0.0,0.0,0.0
VYUT7D3,0.0,0.0,0.0,0.0
VYUW78P,0.0,0.0,0.0,0.0
VZ3JQVM,0.0,0.0,0.0,0.0
VZ3KQFW,0.0,0.0,0.0,0.0
VZAFXW6,12.0,7.0,0.38461538461538464,5.0
VZFGFFG,0.0,0.0,0.0,0.0
VZRNFW7,0.0,0.0,0.0,0.0
VZZ3DDD,5.0,8.0,0.5,3.0
VZZBKV6,0.0,0.0,0.0,0.0
VZZH9WX,0.0,0.0,0.0,0.0
VZZKMTZ,1088.0,269.0,0.7520661157024794,819.0
VZZU8PH,2682.0,1668.0,0.37793514722325755,1014.0
W2GM6UH,0.0,0.0,0.0,0.0
W2UDXZY,1.0,0.0,0.5,1.0
W3BU2XE,0.0,0.0,0.0,0.0
W4KW4XX,0.0,0.0,0.0,0.0
W4YCRPH,1.0,0.0,0.5,1.0
W5NGXVH,0.0,0.0,0.0,0.0
W7GA6WA,2.0,6.0,1.3333333333333333,4.0
W7SDHBB,0.0,0.0,0.0,0.0
W82BZBG,0.0,0.0,0.0,0.0
WAFZWYT,142.0,83.0,0.4125874125874126,59.0
WAJGFWA,0.0,0.0,0.0,0.0
WAYJ7MQ,0.0,0.0,0.0,0.0
WBAE9TJ,0.0,0.0,0.0,0.0
WBFC5S9,0.0,0.0,0.0,0.0
WBM6BRR,0.0,0.0,0.0,0.0
WCGC6MH,0.0,0.0,0.0,0.0
WDA4MS6,7.0,11.0,0.5,4.0
WDGFWKT,0.0,0.0,0.0,0.0
WDVGF3E,1.0,0.0,0.5,1.0
WEB3TEH,0.0,0.0,0.0,0.0
WEBQWMM,0.0,0.0,0.0,0.0
WEHRZBV,1.0,0.0,0.5,1.0
WEHTQYG,0.0,0.0,0.0,0.0
WEZKFX2,14.0,17.0,0.2,3.0
WF9ZQ6K,0.0,0.0,0.0,0.0
WFCBHKY,0.0,0.0,0.0,0.0
WFGVZRY,0.0,0.0,0.0,0.0
WFPKU6T,1.0,0.0,0.5,1.0
WG5YWBS,1.0,1.0,0.0,0.0
WGAUEPA,0.0,0.0,0.0,0.0
WGKHXNG,0.0,0.0,0.0,0.0
WGZQYGR,0.0,0.0,0.0,0.0
WHA23T5,2.0,0.0,0.6666666666666666,2.0
WHGNYXK,0.0,0.0,0.0,0.0
WHSZCYK,0.0,1.0,1.0,1.0
WHXRZZJ,0.0,0.0,0.0,0.0
WHYSHW4,0.0,0.0,0.0,0.0
WJPKWSY,0.0,1.0,1.0,1.0
WJR2HZB,1.0,0.0,0.5,1.0
WK3HF8D,0.0,0.0,0.0,0.0
WKFTSHF,0.0,0.0,0.0,0.0
WKMFWFG,1.0,0.0,0.5,1.0
WKZJ3S7,10.0,12.0,0.18181818181818182,2.0
WMDC5GZ,0.0,0.0,0.0,0.0
WMEHYG8,0.0,1.0,1.0,1.0
WMMNAPE,0.0,0.0,0.0,0.0
WMXWMKE,0.0,0.0,0.0,0.0
WN24TJH,7.0,2.0,0.625,5.0
WNDK89P,8364.0,4313.0,0.48427973699940224,4051.0
WPRN3TH,835.0,260.0,0.687799043062201,575.0
WPSR57X,8.0,1.0,0.7777777777777778,7.0
WPUHWRC,0.0,0.0,0.0,0.0
WPWQRNF,0.0,0.0,0.0,0.0
WQ3HACE,0.0,0.0,0.0,0.0
WR9P6XS,0.0,0.0,0.0,0.0
WRCPCQY,0.0,0.0,0.0,0.0
WRWFATA,0.0,0.0,0.0,0.0
WRZ2RGT,185.0,106.0,0.42473118279569894,79.0
WRZ9FFJ,0.0,0.0,0.0,0.0
WSUPNHH,0.0,0.0,0.0,0.0
WSZHYJM,0.0,0.0,0.0,0.0
WT3GRF2,0.0,0.0,0.0,0.0
WTZMMHY,0.0,0.0,0.0,0.0
WUKKJGR,27.0,33.0,0.21428571428571427,6.0
WUNZGTX,0.0,0.0,0.0,0.0
WVEH3XE,7.0,11.0,0.5,4.0
WVKQ4XC,2.0,1.0,0.3333333333333333,1.0
WVZ7BHZ,0.0,0.0,0.0,0.0
WWE6GH2,0.0,2.0,2.0,2.0
WXAGZ6E,0.0,0.0,0.0,0.0
WXGZFWC,834.0,294.0,0.6467065868263473,540.0
WY2EMNU,0.0,0.0,0.0,0.0
WYAAVG5,66.0,151.0,1.2686567164179106,85.0
WYGVZEC,0.0,0.0,0.0,0.0
WYHPWY2,33.0,72.0,1.1470588235294117,39.0
WZDCFKR,1.0,1.0,0.0,0.0
WZDQHCF,0.0,0.0,0.0,0.0
WZHHSHF,0.0,0.0,0.0,0.0
WZJSUZH,27.0,26.0,0.03571428571428571,1.0
WZNKTVW,0.0,0.0,0.0,0.0
WZVVYSK,4655.0,1229.0,0.7358247422680413,3426.0
X2STW3F,0.0,0.0,0.0,0.0
X2ZHMTQ,3081.0,1776.0,0.4234263465282284,1305.0
X4PCTTF,241.0,118.0,0.5082644628099173,123.0
X4TZF5X,1.0,0.0,0.5,1.0
X4ZNKRH,0.0,0.0,0.0,0.0
X5REFC3,0.0,0.0,0.0,0.0
X5WUDDX,0.0,0.0,0.0,0.0
X5XNR2T,3462.0,2130.0,0.38463759745885073,1332.0
X7EMY5H,4.0,7.0,0.6,3.0
X7FRKAG,55.0,27.0,0.5,28.0
X7PQZJZ,0.0,0.0,0.0,0.0
X7WJS7R,0.0,0.0,0.0,0.0
X8AYHFT,0.0,0.0,0.0,0.0
X8HYHBH,0.0,0.0,0.0,0.0
X8WPGMG,735.0,538.0,0.26766304347826086,197.0
X8WPSRK,0.0,0.0,0.0,0.0
XA2XAH4,0.0,0.0,0.0,0.0
XAACS9K,0.0,0.0,0.0,0.0
XBFQEDE,1931.0,399.0,0.7929606625258799,1532.0
XBZTBTE,0.0,0.0,0.0,0.0
XCV63BE,0.0,0.0,0.0,0.0
XDESZXU,0.0,0.0,0.0,0.0
XDMFUGS,10.0,7.0,0.2727272727272727,3.0
XE6EQ2D,1.0,0.0,0.5,1.0
XE7S5JZ,29.0,4.0,0.8333333333333334,25.0
XEZ3GCE,1794.0,770.0,0.5704735376044568,1024.0
XEZZJ2G,0.0,0.0,0.0,0.0
XFMB2VJ,0.0,0.0,0.0,0.0
XFSV2CH,0.0,0.0,0.0,0.0
XFUW4ET,0.0,0.0,0.0,0.0
XGEKDRQ,18.0,7.0,0.5789473684210527,11.0
XGFTJSC,0.0,0.0,0.0,0.0
XGJJWES,0.0,0.0,0.0,0.0
XGQMUPH,0.0,0.0,0.0,0.0
XH5VUWG,0.0,0.0,0.0,0.0
XHCY6NH,0.0,0.0,0.0,0.0
XHFTQCD,209.0,20.0,0.9,189.0
XHKSFHK,0.0,0.0,0.0,0.0
XHPHPFW,0.0,0.0,0.0,0.0
XHPKEFH,0.0,0.0,0.0,0.0
XHQUPJS,0.0,0.0,0.0,0.0
XHZMYMH,0.0,0.0,0.0,0.0
XJ8HR8E,4.0,5.0,0.2,1.0
XJQB27N,0.0,0.0,0.0,0.0
XMGNVKB,0.0,0.0,0.0,0.0
XMNUCYF,4.0,2.0,0.4,2.0
XN6WRB3,2360.0,1730.0,0.2668360864040661,630.0
XNGM7BM,26.0,5.0,0.7777777777777778,21.0
XNKKAYN,0.0,0.0,0.0,0.0
XPKZSRG,756.0,575.0,0.23910171730515192,181.0
XQFYJ4R,0.0,0.0,0.0,0.0
XQNTXDW,0.0,0.0,0.0,0.0
XQXYUVH,0.0,0.0,0.0,0.0
XR7SRP6,85.0,21.0,0.7441860465116279,64.0
XRCZJNE,0.0,0.0,0.0,0.0
XRRZEUK,379.0,156.0,0.5868421052631579,223.0
XRY8WNZ,0.0,0.0,0.0,0.0
XSDZUJZ,0.0,0.0,0.0,0.0
XSJBPCX,35.0,35.0,0.0,0.0
XST8F6G,0.0,0.0,0.0,0.0
XTGYFVM,0.0,0.0,0.0,0.0
XUEHF48,0.0,1.0,1.0,1.0
XUFPSJG,0.0,0.0,0.0,0.0
XUTMWGK,3.0,3.0,0.0,0.0
XUZFEB6,0.0,0.0,0.0,0.0
XV9PYTT,0.0,1.0,1.0,1.0
XVFTQ5Y,149.0,3.0,0.9733333333333334,146.0
XWPRYKW,0.0,0.0,0.0,0.0
XXGVZ6S,0.0,0.0,0.0,0.0
XXRVKET,15.0,11.0,0.25,4.0
XXV2YM6,0.0,0.0,0.0,0.0
XXVXVPA,0.0,0.0,0.0,0.0
XXWYEYM,0.0,0.0,0.0,0.0
XXZZ5BB,0.0,1.0,1.0,1.0
XY7H6XH,0.0,0.0,0.0,0.0
XYA2BDW,1965.0,210.0,0.8926754832146491,1755.0
XYE8MZN,302.0,252.0,0.16501650165016502,50.0
XYFVW3A,6.0,6.0,0.0,0.0
XYJ7R9K,0.0,0.0,0.0,0.0
XYPBYMB,105.0,375.0,2.547169811320755,270.0
XYRRNB4,2.0,1.0,0.3333333333333333,1.0
XYTRF8W,0.0,0.0,0.0,0.0
XYXCZCH,449.0,197.0,0.56,252.0
XYYAFKN,0.0,0.0,0.0,0.0
XZ3PFZU,0.0,0.0,0.0,0.0
XZPFPMS,0.0,0.0,0.0,0.0
XZQED9Q,4.0,7.0,0.6,3.0
XZWACHD,0.0,0.0,0.0,0.0
XZZRPKV,0.0,0.0,0.0,0.0
Y2Z4MTD,13.0,16.0,0.21428571428571427,3.0
Y4DZQR2,0.0,0.0,0.0,0.0
Y4T7J2G,0.0,0.0,0.0,0.0
Y5K7VGA,0.0,0.0,0.0,0.0
Y5TVSUF,0.0,0.0,0.0,0.0
Y5WEPFH,0.0,0.0,0.0,0.0
Y6F9RSV,0.0,0.0,0.0,0.0
Y6H4JHU,0.0,0.0,0.0,0.0
Y8HNZ9B,0.0,0.0,0.0,0.0
Y9DADTY,3.0,1.0,0.5,2.0
YA5Y7HG,0.0,0.0,0.0,0.0
YAKZFH5,0.0,0.0,0.0,0.0
YAPAHBH,0.0,0.0,0.0,0.0
YAQGSZN,0.0,0.0,0.0,0.0
YATKHYR,2227.0,1729.0,0.22351885098743268,498.0
YAVSQJC,96.0,0.0,0.9896907216494846,96.0
YBKQQZY,0.0,0.0,0.0,0.0
YBUAEVZ,9.0,3.0,0.6,6.0
YC5ZNHP,0.0,0.0,0.0,0.0
YC6GGMC,0.0,1.0,1.0,1.0
YCNQJG2,497.0,13.0,0.9718875502008032,484.0
YCU2RZZ,0.0,0.0,0.0,0.0
YDKVEHE,0.0,0.0,0.0,0.0
YDNJFAG,0.0,0.0,0.0,0.0
YDNKTTP,0.0,0.0,0.0,0.0
YDRYUVN,0.0,0.0,0.0,0.0
YEDZQCC,0.0,0.0,0.0,0.0
YEUDPTY,0.0,0.0,0.0,0.0
YF3CHQN,0.0,0.0,0.0,0.0
YFD9EAW,0.0,0.0,0.0,0.0
YFKQP8K,0.0,0.0,0.0,0.0
YFMQ3JF,0.0,0.0,0.0,0.0
YFSJ3SP,0.0,0.0,0.0,0.0
YG2A2FM,109.0,155.0,0.41818181818181815,46.0
YG68GNS,15.0,9.0,0.375,6.0
YGFGYKD,351.0,544.0,0.5482954545454546,193.0
YGKEHCA,0.0,0.0,0.0,0.0
YH7KBGZ,0.0,0.0,0.0,0.0
YHCVG7W,0.0,0.0,0.0,0.0
YHG8KWD,0.0,0.0,0.0,0.0
YHHQDYU,460.0,301.0,0.34490238611713664,159.0
YHHV3KN,503.0,240.0,0.5218253968253969,263.0
YHJ99GV,0.0,0.0,0.0,0.0
YHJZDTG,0.0,0.0,0.0,0.0
YHNMN8V,0.0,0.0,0.0,0.0
YHQ8RGE,0.0,0.0,0.0,0.0
YJ3GBZH,0.0,0.0,0.0,0.0
YJ6FNU4,0.0,0.0,0.0,0.0
YJFZ9HX,0.0,0.0,0.0,0.0
YJNH3MP,0.0,0.0,0.0,0.0
YKEERRW,73.0,5.0,0.918918918918919,68.0
YKFD2UZ,11.0,2.0,0.75,9.0
YKGTVY7,0.0,0.0,0.0,0.0
YKHQFQG,0.0,0.0,0.0,0.0
YM5HJGK,0.0,0.0,0.0,0.0
YMFH3DT,0.0,0.0,0.0,0.0
YMJY8FA,0.0,0.0,0.0,0.0
YMMXHEN,2.0,1.0,0.3333333333333333,1.0
YN8HQQU,0.0,0.0,0.0,0.0
YN8JXUQ,0.0,0.0,0.0,0.0
YNG7HX2,0.0,0.0,0.0,0.0
YNXCYGX,32.0,36.0,0.12121212121212122,4.0
YPAQNYT,0.0,1.0,1.0,1.0
YPFWM8Y,4.0,1.0,0.6,3.0
YPQ9RAE,0.0,0.0,0.0,0.0
YPRKZTE,0.0,0.0,0.0,0.0
YPWHGHE,0.0,0.0,0.0,0.0
YPWPCNP,489.0,1372.0,1.8020408163265307,883.0
YPZZN33,550.0,1556.0,1.8257713248638838,1006.0
YQJK4RE,0.0,0.0,0.0,0.0
YQR9WH4,1704.0,3641.0,1.1360703812316715,1937.0
YQYGUBG,0.0,0.0,0.0,0.0
YQYHWZQ,0.0,0.0,0.0,0.0
YQZ6Q8G,0.0,0.0,0.0,0.0
YRGZPZR,0.0,0.0,0.0,0.0
YRNAHFZ,0.0,0.0,0.0,0.0
YRQF4GZ,419.0,579.0,0.38095238095238093,160.0
YSCEEEH,1.0,0.0,0.5,1.0
YT3EGYR,0.0,0.0,0.0,0.0
YT4ZEGZ,0.0,0.0,0.0,0.0
YT935T7,0.0,0.0,0.0,0.0
YTARZ8F,0.0,0.0,0.0,0.0
YTFFWDF,35.0,16.0,0.5277777777777778,19.0
YTHHTKM,0.0,0.0,0.0,0.0
YTJUAXN,0.0,0.0,0.0,0.0
YU5N6JM,1.0,0.0,0.5,1.0
YUPSRGV,0.0,0.0,0.0,0.0
YUQKZHM,0.0,0.0,0.0,0.0
YUZ9GVB,159.0,92.0,0.41875,67.0
YUZCVTH,0.0,0.0,0.0,0.0
YV3FCU7,0.0,0.0,0.0,0.0
YV3NZBV,0.0,0.0,0.0,0.0
YVBQJSR,167.0,39.0,0.7619047619047619,128.0
YVCSAXU,593.0,63.0,0.8922558922558923,530.0
YVG6SAE,97.0,87.0,0.10204081632653061,10.0
YW456CW,0.0,0.0,0.0,0.0
YWGB5F2,511.0,142.0,0.720703125,369.0
YWHKUK5,0.0,0.0,0.0,0.0
YWNQPGF,0.0,0.0,0.0,0.0
YWUFZXA,0.0,0.0,0.0,0.0
YWUW8HP,0.0,0.0,0.0,0.0
YWY8Z9K,0.0,0.0,0.0,0.0
YWZRUJX,10631.0,4312.0,0.5943378480060195,6319.0
YX2SB7S,0.0,0.0,0.0,0.0
YXDUHCA,0.0,0.0,0.0,0.0
YXMBE79,0.0,0.0,0.0,0.0
YYGEUXK,0.0,0.0,0.0,0.0
YYK5FKD,0.0,0.0,0.0,0.0
YYQQASG,1.0,2.0,0.5,1.0
YYTFZ6G,0.0,0.0,0.0,0.0
YYYJGHF,0.0,0.0,0.0,0.0
YYZUANT,1.0,0.0,0.5,1.0
YZ4EATR,1.0,1.0,0.0,0.0
YZ4NFYM,0.0,0.0,0.0,0.0
YZ5FP5W,0.0,0.0,0.0,0.0
YZ9HBFP,0.0,0.0,0.0,0.0
YZDS6YY,0.0,1.0,1.0,1.0
YZGASAN,12.0,11.0,0.07692307692307693,1.0
YZGFMYB,0.0,1.0,1.0,1.0
YZHF5UM,199.0,158.0,0.205,41.0
YZMWF2F,1.0,0.0,0.5,1.0
YZT9YCH,0.0,0.0,0.0,0.0
YZYWKTD,4797.0,3859.0,0.19549812421842436,938.0
Z2CJYHJ,11127.0,1978.0,0.8221603163191948,9149.0
Z2Y7YYG,0.0,0.0,0.0,0.0
Z3RS2ZE,7.0,8.0,0.125,1.0
Z4ANQ9G,0.0,0.0,0.0,0.0
Z4CNTCM,67.0,92.0,0.36764705882352944,25.0
Z4MZBME,28.0,12.0,0.5517241379310345,16.0
Z4PWZZ9,0.0,0.0,0.0,0.0
Z55PY23,1574.0,543.0,0.6546031746031746,1031.0
Z5B9D2W,50.0,31.0,0.37254901960784315,19.0
Z6DWWFZ,0.0,0.0,0.0,0.0
Z6FN5WJ,0.0,0.0,0.0,0.0
Z7Y56WD,0.0,0.0,0.0,0.0
ZA4KJYV,61.0,149.0,1.4193548387096775,88.0
ZA64BFV,0.0,0.0,0.0,0.0
ZAG4MFT,0.0,0.0,0.0,0.0
ZAHZH6H,0.0,0.0,0.0,0.0
ZANAZYC,0.0,0.0,0.0,0.0
ZAPRAHW,0.0,0.0,0.0,0.0
ZAVPXAA,19.0,48.0,1.45,29.0
ZAZJVNU,16.0,37.0,1.2352941176470589,21.0
ZBCFZG2,0.0,0.0,0.0,0.0
ZBJBFGU,59.0,50.0,0.15,9.0
ZBTJ6BE,0.0,0.0,0.0,0.0
ZBUNUBZ,0.0,0.0,0.0,0.0
ZBVRYHQ,7482.0,2689.0,0.6405185086195376,4793.0
ZC8C3V8,40.0,23.0,0.4146341463414634,17.0
ZCHAPEH,0.0,0.0,0.0,0.0
ZCHW6HU,6427.0,3219.0,0.49906658369632856,3208.0
ZCN2MSG,5.0,4.0,0.16666666666666666,1.0
ZCNURHT,0.0,0.0,0.0,0.0
ZCR9ZA3,0.0,0.0,0.0,0.0
ZCSEY47,5.0,0.0,0.8333333333333334,5.0
ZCTKWEC,0.0,0.0,0.0,0.0
ZCWVHPB,0.0,0.0,0.0,0.0
ZCYGYYZ,1.0,2.0,0.5,1.0
ZCYWPYW,107.0,29.0,0.7222222222222222,78.0
ZD4S42Z,0.0,0.0,0.0,0.0
ZD6FNR3,0.0,0.0,0.0,0.0
ZDDBAZJ,0.0,0.0,0.0,0.0
ZDTGE8M,0.0,0.0,0.0,0.0
ZE4NA5Q,0.0,0.0,0.0,0.0
ZE5CEYZ,29.0,67.0,1.2666666666666666,38.0
ZE5UJXK,5.0,24.0,3.1666666666666665,19.0
ZEAKWWF,2.0,5.0,1.0,3.0
ZEDRKQA,0.0,0.0,0.0,0.0
ZEFJZCH,0.0,0.0,0.0,0.0
ZEPPZNN,20.0,22.0,0.09523809523809523,2.0
ZER2WZW,3820.0,2293.0,0.39963360376864693,1527.0
ZF5UG7H,0.0,0.0,0.0,0.0
ZFEPEBX,13.0,1.0,0.8571428571428571,12.0
ZFEWDY7,4525.0,3380.0,0.2529827662395051,1145.0
ZFFJC8U,0.0,0.0,0.0,0.0
ZFMAUHM,0.0,0.0,0.0,0.0
ZFRGZ7U,0.0,0.0,0.0,0.0
ZFVPY2A,2.0,1.0,0.3333333333333333,1.0
ZFW9HBY,0.0,0.0,0.0,0.0
ZFWMJHG,0.0,0.0,0.0,0.0
ZFY6JY9,0.0,0.0,0.0,0.0
ZG7HKW4,2.0,1.0,0.3333333333333333,1.0
ZGFGGTR,0.0,0.0,0.0,0.0
ZGFZZAU,0.0,0.0,0.0,0.0
ZGHES2V,430.0,438.0,0.018561484918793503,8.0
ZGJFKJR,0.0,0.0,0.0,0.0
ZGRT8GX,0.0,0.0,0.0,0.0
ZGSSTTD,0.0,0.0,0.0,0.0
ZGWGA4H,4.0,10.0,1.2,6.0
ZH7XHJY,4.0,3.0,0.2,1.0
ZH8XCGB,0.0,0.0,0.0,0.0
ZHFDGB7,0.0,0.0,0.0,0.0
ZHNGGCD,0.0,0.0,0.0,0.0
ZHNPDQA,0.0,0.0,0.0,0.0
ZHQYXNB,4.0,0.0,0.8,4.0
ZHUC3VZ,0.0,2.0,2.0,2.0
ZHZSG2P,0.0,0.0,0.0,0.0
ZJ5HXG4,0.0,0.0,0.0,0.0
ZJ8HFRN,0.0,0.0,0.0,0.0
ZJHVGXE,1128.0,645.0,0.42781222320637735,483.0
ZJHVPNG,0.0,0.0,0.0,0.0
ZJJ9NUV,0.0,0.0,0.0,0.0
ZJJBFZS,0.0,0.0,0.0,0.0
ZJNU4HE,0.0,0.0,0.0,0.0
ZK2Y4K4,0.0,0.0,0.0,0.0
ZKFHZFQ,3587.0,2134.0,0.4049609810479376,1453.0
ZKHJPQH,0.0,0.0,0.0,0.0
ZKMW7ZC,0.0,0.0,0.0,0.0
ZKSHAAC,89.0,91.0,0.022222222222222223,2.0
ZMHWFVQ,0.0,0.0,0.0,0.0
ZMUFFBY,20.0,7.0,0.6190476190476191,13.0
ZMZQZSJ,13.0,30.0,1.2142857142857142,17.0
ZN2NS5D,0.0,0.0,0.0,0.0
ZN4ADNF,38.0,41.0,0.07692307692307693,3.0
ZPSENZY,0.0,0.0,0.0,0.0
ZQCCQC3,0.0,0.0,0.0,0.0
ZQPFPPW,0.0,0.0,0.0,0.0
ZQSVWZZ,0.0,2.0,2.0,2.0
ZQUXGW5,0.0,0.0,0.0,0.0
ZQVNSUH,0.0,0.0,0.0,0.0
ZQYDN4D,0.0,0.0,0.0,0.0
ZR56AWS,73.0,61.0,0.16216216216216217,12.0
ZR5NURF,0.0,0.0,0.0,0.0
ZR7GB6R,0.0,0.0,0.0,0.0
ZR9AGHS,20.0,23.0,0.14285714285714285,3.0
ZRCGFMB,0.0,0.0,0.0,0.0
ZREM5XC,0.0,0.0,0.0,0.0
ZSNW7JX,1.0,0.0,0.5,1.0
ZSSRYGF,51.0,31.0,0.38461538461538464,20.0
ZSUPGGX,0.0,0.0,0.0,0.0
ZT5VNKP,0.0,0.0,0.0,0.0
ZT8TYZU,0.0,0.0,0.0,0.0
ZTF5JHC,0.0,0.0,0.0,0.0
ZTFBNKU,0.0,0.0,0.0,0.0
ZTFHYWE,4.0,0.0,0.8,4.0
ZTJZTWK,0.0,0.0,0.0,0.0
ZTNK59G,0.0,0.0,0.0,0.0
ZTRYYVY,1827.0,927.0,0.4923413566739606,900.0
ZTUYDY8,29.0,38.0,0.3,9.0
ZTZT3NT,17.0,31.0,0.7777777777777778,14.0
ZUHHAFD,38.0,19.0,0.48717948717948717,19.0
ZUJWFFZ,0.0,0.0,0.0,0.0
ZUR4BFG,0.0,1.0,1.0,1.0
ZUSHJFY,0.0,0.0,0.0,0.0
ZV5JCRY,0.0,0.0,0.0,0.0
ZVFXAB5,0.0,0.0,0.0,0.0
ZVU3UYD,0.0,0.0,0.0,0.0
ZW5EDQQ,0.0,0.0,0.0,0.0
ZWAA6GS,0.0,0.0,0.0,0.0
ZWFHGGD,714.0,388.0,0.45594405594405596,326.0
ZWQ4V7K,0.0,0.0,0.0,0.0
ZWUJYFD,0.0,0.0,0.0,0.0
ZXAM7QY,0.0,0.0,0.0,0.0
ZXPSQGY,0.0,0.0,0.0,0.0
ZXY8DNU,0.0,0.0,0.0,0.0
ZY4BFWN,0.0,0.0,0.0,0.0
ZY755DM,0.0,0.0,0.0,0.0
ZYFARHA,36.0,23.0,0.35135135135135137,13.0
ZYZJZM5,2.0,4.0,0.6666666666666666,2.0
ZZ5VUQD,0.0,0.0,0.0,0.0
ZZ8YA5B,0.0,0.0,0.0,0.0
ZZDAY5D,0.0,0.0,0.0,0.0
ZZDY6FS,0.0,0.0,0.0,0.0
ZZMGQCU,0.0,0.0,0.0,0.0
ZZN4EZE,0.0,0.0,0.0,0.0
ZZQ8SEG,796.0,52.0,0.9335006273525721,744.0
ZZTJQXE,1465.0,357.0,0.7557980900409277,1108.0
